audit_id,contract_id,content_id,studio,expected_payment,actual_payment,difference,violation,timestamp,proof_hash
AUD00001,C0001,Movie_001,Sony Music,750.0,750.0,0.0,NONE,2026-04-02T02:19:27.626137,bf834b7f3851704edfea84542c1bdf8a01db31d16dbc19a7aebb3f67167879d0
AUD00002,C0002,Movie_002,Disney,750.0,750.0,0.0,NONE,2026-04-02T02:19:27.627697,f63f7e90b2ea6285abf9561b8d481e648947ca93e61264bd23aa979719f6eaa2
AUD00003,C0003,Movie_003,Warner Bros,750.0,750.0,0.0,NONE,2026-04-02T02:19:27.627697,5428abacfe0daede8e6a7abf435ded7e8b2d19cd2d09a3749f9405045436a77d
AUD00004,C0004,Movie_004,Netflix Originals,200.0,200.0,0.0,NONE,2026-04-02T02:19:27.627697,03ffaa71eb59369d8be36caeab2b84bc3c49bedc7890ad047f559a185ab7becb
AUD00005,C0005,Movie_005,Lionsgate,200.0,200.0,0.0,NONE,2026-04-02T02:19:27.627697,bbf119a807baac14a91ec5144427c5d8faa2207d2eb09a19e7294b2e033945a2
AUD00006,C0006,Movie_006,Warner Bros,200.0,200.0,0.0,NONE,2026-04-02T02:19:27.627697,5284a2be6d9ee41f07e72c6f6111525997f36bc73966ff705a3bec249485cc3f
AUD00007,C0007,Movie_007,Netflix Originals,200.0,200.0,0.0,NONE,2026-04-02T02:19:27.627697,b5b2e60c69730ca5ea3746083c49fa00b7674eed8116ef838451205a766cf4f3
AUD00008,C0008,Movie_008,Disney,500.0,500.0,0.0,NONE,2026-04-02T02:19:27.627697,4f80b749bdf5a64bf53b74bc941b1a593255ade5f6408770485f32f02a9fae08
AUD00009,C0009,Movie_009,Warner Bros,500.0,500.0,0.0,NONE,2026-04-02T02:19:27.627697,61f1d5d1630abbafbda65cfb662297d3d82e3292546e624207342d2a879ee784
AUD00010,C0010,Movie_010,Netflix Originals,500.0,500.0,0.0,NONE,2026-04-02T02:19:27.627697,0c92f65e47d58fad7162fa53c3905b7a2696eb77b2298c8a92d15c6664cf276a
AUD00011,C0011,Movie_011,Lionsgate,750.0,750.0,0.0,NONE,2026-04-02T02:19:27.627697,f508afecaf2082271290c142a230d71be52696c664511f4aa9ee122bccfaf337
AUD00012,C0012,Movie_012,Sony Music,200.0,200.0,0.0,NONE,2026-04-02T02:19:27.627697,b28d171d30c5f91581dd1cf35cf2ad30572b9a85eb4b615ad6456771423cfea4
AUD00013,C0013,Movie_013,Indie Label,500.0,289.61,210.39,UNDERPAYMENT,2026-04-02T02:19:27.627697,70198dba04a8a1e04e0c301d30a2efecc68742a62e51c572e529ad07eef8eec4
AUD00014,C0014,Movie_014,Warner Bros,750.0,750.0,0.0,NONE,2026-04-02T02:19:27.627697,371f7258ecff130a982beb77b1101426cb75633464594ea71783742b6e25940b
AUD00015,C0015,Movie_015,A24,750.0,750.0,0.0,NONE,2026-04-02T02:19:27.627697,655fc2d563f1af67c8f1adf202f9f59cbd43979a8f6798714cd7d1777f375e8c
AUD00016,C0016,Movie_016,Paramount,750.0,750.0,0.0,NONE,2026-04-02T02:19:27.627697,cc145a0c4454e3ab8752d1be85cd2597160125e5d305f7ca61fb941a173b7ec9
AUD00017,C0017,Movie_017,Lionsgate,500.0,500.0,0.0,NONE,2026-04-02T02:19:27.627697,d6001e325fab64a4676dacba8f54c53e05dae0d3ec605dd7c20b9129d19c0b5a
AUD00018,C0018,Movie_018,Paramount,750.0,750.0,0.0,NONE,2026-04-02T02:19:27.627697,b1d1d581c561b64c15d9f4408475ab9d58d44cee2c13d0dd9448aa82b949f17e
AUD00019,C0019,Movie_019,Lionsgate,750.0,750.0,0.0,NONE,2026-04-02T02:19:27.627697,ddde976f5000081b813dd539d527b6856e24cceda20d427d7e68784925d63a5c
AUD00020,C0020,Movie_020,Indie Label,750.0,750.0,0.0,NONE,2026-04-02T02:19:27.627697,4fd5b0bc13595315d309266d365111ea401a2499e53adf4eb7b49455af69b0bc
AUD00021,C0021,Movie_021,Netflix Originals,500.0,500.0,0.0,NONE,2026-04-02T02:19:27.627697,c39e65959c4ce2f2ff14f21f3ae85a0f1818cc38e5a7ce895331ee2788d2d834
AUD00022,C0022,Movie_022,Lionsgate,200.0,200.0,0.0,NONE,2026-04-02T02:19:27.627697,d0c8060d37c62fc6cc1cf78292d803218b7124b0bd0b2519cb32b54c81613eb5
AUD00023,C0023,Movie_023,Netflix Originals,500.0,500.0,0.0,NONE,2026-04-02T02:19:27.627697,1255dfcd3290bffc0f6382607b590da8cf2f459a8c285ea9bb608076e1370c05
AUD00024,C0024,Movie_024,MGM,500.0,500.0,0.0,NONE,2026-04-02T02:19:27.627697,dc000fc72af791ebfda67aa34ad9f84956b339c7a7b025b23495cf4ef3e038c6
AUD00025,C0025,Movie_025,Netflix Originals,750.0,750.0,0.0,NONE,2026-04-02T02:19:27.627697,af5d2fa1efedb30d53a9f0142c515b34b9e4250740f953bf9caef1d09ab0866c
AUD00026,C0026,Movie_026,Universal,750.0,831.79,-81.79,OVERPAYMENT,2026-04-02T02:19:27.627697,7a3005eb88a39d42d342356eb3b12a37b5064ad80667f6bf742e717fca33d206
AUD00027,C0027,Movie_027,Universal,200.0,200.0,0.0,NONE,2026-04-02T02:19:27.627697,a3d837d325238d5eca2ae2c10da9d6557b81fc5a71f021b3138d0adcb20282cf
AUD00028,C0028,Movie_028,Disney,500.0,500.0,0.0,NONE,2026-04-02T02:19:27.627697,6452296c69c6a799dad9fca5656313d5197e7ee5116bacf1134c175b8ee506a6
AUD00029,C0029,Movie_029,Indie Label,500.0,500.0,0.0,NONE,2026-04-02T02:19:27.627697,87b54cca9283a18beb3f36e500724f53cf7f99f9187549ffd3c1db319c41a7f6
AUD00030,C0030,Movie_030,Warner Bros,200.0,200.0,0.0,NONE,2026-04-02T02:19:27.627697,828420f16f16aa08cb71ad90ce51d07e1163280bc82b11af3c166d2724e5f0fb
AUD00031,C0031,Movie_031,Lionsgate,200.0,200.0,0.0,NONE,2026-04-02T02:19:27.627697,63a5457b4e580198a6b32cfbc494b0a1704522a65ba2e9e2ccbe8004870577f1
AUD00032,C0032,Movie_032,Disney,200.0,200.0,0.0,NONE,2026-04-02T02:19:27.627697,2685c943c6d4ed956df6ad623a2a56ebbd8443d55407c8065f81b4538dcf2188
AUD00033,C0033,Movie_033,MGM,500.0,500.0,0.0,NONE,2026-04-02T02:19:27.627697,3270590df62298eb5cffbafaac698304c22dc748fd1de4d7597fa90aee2c3e71
AUD00034,C0034,Movie_034,Paramount,200.0,200.0,0.0,NONE,2026-04-02T02:19:27.627697,d46d8f653cba75f58e70d1a7f433bf2dbe99fd3c0f541b3184288fa5f83e6c47
AUD00035,C0035,Movie_035,Paramount,200.0,200.0,0.0,NONE,2026-04-02T02:19:27.627697,db044979262eeb50c13b538c5728c11b2997154064665d7c0a741e2657eb4de6
AUD00036,C0036,Movie_036,Paramount,750.0,750.0,0.0,NONE,2026-04-02T02:19:27.627697,796146c29f0dfee2a0df4afa5a6d55665518743dcb3027fb4645dbf43b1f0005
AUD00037,C0037,Movie_037,Sony Music,750.0,750.0,0.0,NONE,2026-04-02T02:19:27.627697,a4a3338a2a3a4b25e1d213e3d0e120509cce2b021fa4b5bc261373b98ae76623
AUD00038,C0038,Movie_038,Netflix Originals,500.0,500.0,0.0,NONE,2026-04-02T02:19:27.627697,c4b56edb93d2326c8d26df79d06b0fb7807d0369edfba05ff797df5d9fca2a35
AUD00039,C0039,Movie_039,Universal,200.0,200.0,0.0,NONE,2026-04-02T02:19:27.627697,f65288a22aaf8a7759b6a9ef7cc4306be006b67a3587645cee0867f4da2de682
AUD00040,C0040,Movie_040,A24,750.0,750.0,0.0,NONE,2026-04-02T02:19:27.627697,8f066fca5f8a0357803abe2038c3e8173d8513c92fc4f31370dc0ce9bc28e5b3
AUD00041,C0041,Movie_041,Sony Music,750.0,750.0,0.0,NONE,2026-04-02T02:19:27.627697,6d1e6b00eb82c984d2b4e9a9a1a1205b6831865d06bc062fed7985a77320f763
AUD00042,C0042,Movie_042,Warner Bros,750.0,750.0,0.0,NONE,2026-04-02T02:19:27.627697,4e31c1ef32a007c9a18e8a0970708f1f2fdbb49004d23536cb75cfab127ea6fc
AUD00043,C0043,Movie_043,Indie Label,200.0,200.0,0.0,NONE,2026-04-02T02:19:27.627697,0ab89e2e8d36912a9a40c6ae3802a898db675de139acfff9f369dde7a1ee7260
AUD00044,C0044,Movie_044,Netflix Originals,750.0,750.0,0.0,NONE,2026-04-02T02:19:27.627697,e80f7200d380f4d13532859da7c7ac86d8096d0740945f2c43c427e4538181c0
AUD00045,C0045,Movie_045,Indie Label,200.0,-528.99,728.99,EXPIRED_LICENSE,2026-04-02T02:19:27.627697,cca925b22346a09ad82050313c9865fb7e05989c9b674c4da66e0c3194829f9b
AUD00046,C0046,Movie_046,Disney,200.0,200.0,0.0,NONE,2026-04-02T02:19:27.627697,298752a0fe744c565cdfbead1a785b636864896fd83c278d615c0d775b7bdd0b
AUD00047,C0047,Movie_047,Paramount,500.0,500.0,0.0,NONE,2026-04-02T02:19:27.627697,9105f97636bccc824fad8e359a23d6703b181f3153d51f32203295e140bf6e47
AUD00048,C0048,Movie_048,Paramount,200.0,200.0,0.0,NONE,2026-04-02T02:19:27.627697,311f60c94a35db7258528c31370c96d856a0fe0b5efc7e14cc75e934a75f1aac
AUD00049,C0049,Movie_049,Indie Label,200.0,109.46,90.54,UNDERPAYMENT,2026-04-02T02:19:27.627697,49619b6f01a4ee9512bef53bd9179e9ff7143d2f5d760a1873ed60be1b1b43cc
AUD00050,C0050,Movie_050,Warner Bros,750.0,750.0,0.0,NONE,2026-04-02T02:19:27.627697,fbec75952f98baaee25c1f7ea763e48f61e3b75ce35f781be02882b9ccab1fab
AUD00051,C0051,Movie_051,Netflix Originals,200.0,200.0,0.0,NONE,2026-04-02T02:19:27.627697,6a6a987751f01bc28675c724fb8b287611a3c5e32525665d72cec282fbd3261e
AUD00052,C0052,Movie_052,Indie Label,200.0,200.0,0.0,NONE,2026-04-02T02:19:27.627697,27e3739ce275731fac328b1dac5715e54bd87618ece07e03f29fbe6aaf48fd25
AUD00053,C0053,Movie_053,MGM,750.0,750.0,0.0,NONE,2026-04-02T02:19:27.627697,9fdc48820209fa74262664961cdf73f8e4efb7cfbec0f65a0f524807f632f510
AUD00054,C0054,Movie_054,MGM,500.0,-329.22,829.22,TERRITORY_VIOLATION,2026-04-02T02:19:27.627697,fcca04d2097c565ea67527e079ef8666eea62e028dc73b20c0c3312e62edd594
AUD00055,C0055,Movie_055,Sony Music,750.0,750.0,0.0,NONE,2026-04-02T02:19:27.627697,acc2dfd3dcedf9a015ec8ca5080a6d74cc511ab9020413305a9f01802614682b
AUD00056,C0056,Movie_056,Disney,200.0,200.0,0.0,NONE,2026-04-02T02:19:27.627697,6f6727a6dc9edfab2d653f2c3807d11625cfcec8eca5aef459f1889a9d859eee
AUD00057,C0057,Movie_057,Universal,750.0,750.0,0.0,NONE,2026-04-02T02:19:27.627697,6b965e74147e1991733b042751df53dadfa4f1fb63f0a3709060ca081fb7559d
AUD00058,C0058,Movie_058,Warner Bros,500.0,500.0,0.0,NONE,2026-04-02T02:19:27.627697,323a5605ec035fa9d0de6ecdb17fad83391b50a71882830d69d1aaff8f448a35
AUD00059,C0059,Movie_059,Universal,750.0,750.0,0.0,NONE,2026-04-02T02:19:27.627697,8e6bc3b2b0346e9aad72b90f8a7b268a79ff8cb7356c0b391f1318106d54e8a4
AUD00060,C0060,Movie_060,MGM,500.0,500.0,0.0,NONE,2026-04-02T02:19:27.627697,d894ed6363d89c2013d8a26dfff351c9bffd4c2e1f1459c0fcf39998d8947e7e
AUD00061,C0061,Movie_061,A24,750.0,750.0,0.0,NONE,2026-04-02T02:19:27.627697,1afe6dfc2cd432538d83b3f1ced4768ae9aa5566e8af2a49cf1f67fe4950a8ca
AUD00062,C0062,Movie_062,Universal,500.0,500.0,0.0,NONE,2026-04-02T02:19:27.627697,bbf60090f926a4da25d30927545c012bb82d052ce7e24f10a92520f71432f39e
AUD00063,C0063,Movie_063,Sony Music,500.0,500.0,0.0,NONE,2026-04-02T02:19:27.627697,e2e913375c94c28de6f259cfa49ab4d82987439b6c5e5d3b81fa5eef76de9675
AUD00064,C0064,Movie_064,Indie Label,750.0,750.0,0.0,NONE,2026-04-02T02:19:27.627697,8985786113f1112e7d5db9bf21da0d84fffd3404d97779387d6a03782a7e2133
AUD00065,C0065,Movie_065,Paramount,750.0,750.0,0.0,NONE,2026-04-02T02:19:27.627697,2194b3849a4ce9b6af8d4995f604926bf7c0fb5712a5fdd8233c8060d518082a
AUD00066,C0066,Movie_066,A24,750.0,750.0,0.0,NONE,2026-04-02T02:19:27.627697,1ce8a817f434c22bd17c35d6d7130f3b14ebe4ef14bf44fea57f34493f83e3a7
AUD00067,C0067,Movie_067,MGM,750.0,750.0,0.0,NONE,2026-04-02T02:19:27.627697,c82df2a9b42b978eae89ec240fe156e1f57663f1e54978d50ebdbef9c5e0bb75
AUD00068,C0068,Movie_068,A24,500.0,500.0,0.0,NONE,2026-04-02T02:19:27.627697,00dcd3b08885a28e38c6a80fa02f18b8b032ecf27a7707bde08c908648848e4c
AUD00069,C0069,Movie_069,Indie Label,500.0,500.0,0.0,NONE,2026-04-02T02:19:27.627697,33218f3c2245119d4dac2ad22f3fd946a806fd6d1a9b55a0f91016fa40a0dbf8
AUD00070,C0070,Movie_070,Netflix Originals,750.0,750.0,0.0,NONE,2026-04-02T02:19:27.627697,65c3c416b01383505af7ef6389f3a556382949894f38cb400922686b126e7705
AUD00071,C0071,Movie_071,Sony Music,750.0,750.0,0.0,NONE,2026-04-02T02:19:27.627697,ac833976cc598a89510ed5acd62577d78e2e6a1484f95d3da87bd5ec23a1cb13
AUD00072,C0072,Movie_072,Netflix Originals,750.0,750.0,0.0,NONE,2026-04-02T02:19:27.627697,506b8afc814dfd841a0023ac192363219558948d2f8972f45612de9c9c6768a6
AUD00073,C0073,Movie_073,Warner Bros,750.0,750.0,0.0,NONE,2026-04-02T02:19:27.627697,c514e2edc6c2b775c238bf35ba7333dfee303da15d99c0006941f06afef5e5f2
AUD00074,C0074,Movie_074,Disney,750.0,750.0,0.0,NONE,2026-04-02T02:19:27.627697,cf11e3a6a04730ccbb01724ce98fbe6f851e5c141e366930cd9e18b12cf887ce
AUD00075,C0075,Movie_075,Netflix Originals,500.0,500.0,0.0,NONE,2026-04-02T02:19:27.627697,46a1cd7bd91eee738022fc7581c3a9cc5b901cd033f1422025531ff4c8e72342
AUD00076,C0076,Movie_076,A24,200.0,200.0,0.0,NONE,2026-04-02T02:19:27.627697,4c2afeabfcc30a398b68ab893d7ddc7ee3af584c415779f632a074cc33b45756
AUD00077,C0077,Movie_077,A24,750.0,951.57,-201.57,OVERPAYMENT,2026-04-02T02:19:27.627697,7fe0a08ebc2c68d32ff906a7ab3aa52faa9ac85ab616578caed446412ba25753
AUD00078,C0078,Movie_078,A24,750.0,750.0,0.0,NONE,2026-04-02T02:19:27.627697,a4e77611ee6abf5051216193b340501144d9e52ce4b5f65028c06cc893160b84
AUD00079,C0079,Movie_079,Netflix Originals,500.0,500.0,0.0,NONE,2026-04-02T02:19:27.627697,0cb01b3fc9a756603f21cb605a07fe9f1e35c2370a4e6be9dab474774a78a50f
AUD00080,C0080,Movie_080,Paramount,200.0,200.0,0.0,NONE,2026-04-02T02:19:27.627697,4adfe49f134b4d71e92b6a79cd0caa4180b4323d1639305436d8f540397030bc
AUD00081,C0081,Movie_081,A24,500.0,500.0,0.0,NONE,2026-04-02T02:19:27.627697,79d4b5589b7e7347636bb96be08a5ffeda7cb06fc6880461359956e5875b79e1
AUD00082,C0082,Movie_082,Disney,500.0,500.0,0.0,NONE,2026-04-02T02:19:27.627697,59060ad6d1020cb29344623fb677a43069b89978c299c38cae18d51dca29fdb5
AUD00083,C0083,Movie_083,Lionsgate,500.0,500.0,0.0,NONE,2026-04-02T02:19:27.627697,9ccdd6e75e2e499b284a3f0c72df266e34f6c2778f24b9090bbd54ac0bc64789
AUD00084,C0084,Movie_084,Netflix Originals,750.0,750.0,0.0,NONE,2026-04-02T02:19:27.627697,0ca0c2b75e74858532374df8134bd68c4ef70587df58d55e97b4ff85a6e0340f
AUD00085,C0085,Movie_085,MGM,750.0,245.43,504.57,UNDERPAYMENT,2026-04-02T02:19:27.627697,e953596b1f576081a648df2b6be86f598fae5d3323df56309326c270a7215d7c
AUD00086,C0086,Movie_086,Paramount,200.0,200.0,0.0,NONE,2026-04-02T02:19:27.627697,0bf37ce7d78dbb53a69b92718dcef5ffb486489a1fda80bc4f76829fb3a7f7e8
AUD00087,C0087,Movie_087,Sony Music,200.0,200.0,0.0,NONE,2026-04-02T02:19:27.627697,688511e04d39aa28a007efa48517f5a4bcf17f2976b422e2383272b6c930460a
AUD00088,C0088,Movie_088,Sony Music,500.0,-1322.47,1822.47,EXPIRED_LICENSE,2026-04-02T02:19:27.627697,a7c742403bd86a51836cd017fa8beb8b52bb735e9aa1e41f170847c2d2eca057
AUD00089,C0089,Movie_089,Warner Bros,500.0,500.0,0.0,NONE,2026-04-02T02:19:27.627697,d7aa44815ade5818d614176a07be8e515dbd40c273636509387de91f8c31b0be
AUD00090,C0090,Movie_090,MGM,750.0,750.0,0.0,NONE,2026-04-02T02:19:27.627697,e975aa381af6b6f910512c4117f7621ba6b6bb1b12e1e340b160ef38b2411379
AUD00091,C0091,Movie_091,Indie Label,200.0,200.0,0.0,NONE,2026-04-02T02:19:27.627697,1d4ee10ff8566dbf51c5ff8c18dde286772473caaea0866e98b1f87d83361d50
AUD00092,C0092,Movie_092,Universal,750.0,750.0,0.0,NONE,2026-04-02T02:19:27.627697,7bdded44728eb5cb5016d4ed5f1004d2891f1249cac0396f76d2ca483e560885
AUD00093,C0093,Movie_093,A24,500.0,500.0,0.0,NONE,2026-04-02T02:19:27.627697,8eb6d99ae4ce55a861bb93a31df29de2bb40de73b18b4d8cc2728af7afe67188
AUD00094,C0094,Movie_094,Paramount,750.0,750.0,0.0,NONE,2026-04-02T02:19:27.627697,5f7dbded2c8303ff6641834829c185630aeb88f8095d1e504c0dcf836256278d
AUD00095,C0095,Movie_095,Sony Music,200.0,200.0,0.0,NONE,2026-04-02T02:19:27.627697,769c260394f7bf3e3ebe5eda28ad84a01db503c97eeb6a8b9a4e83517b6c53be
AUD00096,C0096,Movie_096,Paramount,750.0,750.0,0.0,NONE,2026-04-02T02:19:27.627697,460aafd2c10b39862ac4300d849cc7a97202aaa54dd39cd81c6caebec26158cb
AUD00097,C0097,Movie_097,A24,200.0,117.33,82.67,UNDERPAYMENT,2026-04-02T02:19:27.627697,c527fd8ea47f97febdd6444e0ac3f4d1a90c263ad7dfac708f6f5db03b14b327
AUD00098,C0098,Movie_098,MGM,750.0,750.0,0.0,NONE,2026-04-02T02:19:27.627697,c6aef2a72d603e26824b37257103018b790c5abc54f06e90d307b4c4f6abe6b7
AUD00099,C0099,Movie_099,Lionsgate,200.0,200.0,0.0,NONE,2026-04-02T02:19:27.627697,abba5488b7b9503c43511941fdff2ba9806328c761154b9a7d5425173fb41d8f
AUD00100,C0100,Movie_100,Indie Label,200.0,200.0,0.0,NONE,2026-04-02T02:19:27.627697,04e93dff7fee3ddeaa06812824c509def3cae04ead1223e05863b355377ba19a
AUD00101,C0101,Movie_101,Indie Label,200.0,200.0,0.0,NONE,2026-04-02T02:19:27.627697,ab4d97fbbe1fffa6164e11cb0e830be6ffa877bb92588e0d20a3ba9826a0094a
AUD00102,C0102,Movie_102,Indie Label,750.0,750.0,0.0,NONE,2026-04-02T02:19:27.627697,764b578f3b0c95ac1ef58d37af7641aa27edd3da9ff5184fb93cdefbb2265058
AUD00103,C0103,Movie_103,Netflix Originals,750.0,750.0,0.0,NONE,2026-04-02T02:19:27.627697,c9641ce956d5226a154a0e8e901d4125bbad5653a38800de90acd88b080be2b0
AUD00104,C0104,Movie_104,Paramount,500.0,500.0,0.0,NONE,2026-04-02T02:19:27.627697,71ec05f36af5eebebad629d386c749c306ccf8fa36ab7a6d1307a608566d7cf7
AUD00105,C0105,Movie_105,Warner Bros,200.0,200.0,0.0,NONE,2026-04-02T02:19:27.627697,739cae5f7f93cf4710463fda9bb564ad820abfd825cc08248c511ab9b6c593de
AUD00106,C0106,Movie_106,Sony Music,500.0,500.0,0.0,NONE,2026-04-02T02:19:27.627697,8ea2cd8b7ebbc1418becfae7c2f708c79c0648d5aeb3e78a3e709981b08eb121
AUD00107,C0107,Movie_107,A24,200.0,200.0,0.0,NONE,2026-04-02T02:19:27.627697,c478154e9d6cda5468a40508dcb4178934c2098995afb78169e156c86be50460
AUD00108,C0108,Movie_108,Universal,500.0,555.4,-55.4,OVERPAYMENT,2026-04-02T02:19:27.627697,4e2799844bfb56761522feb0b0065e912bc657b3ae2fee4c55088f6eca6b1211
AUD00109,C0109,Movie_109,Paramount,750.0,750.0,0.0,NONE,2026-04-02T02:19:27.627697,17037c439f1457fa9c51db8d2d327d896f271e92bc39660fe4a428966b329120
AUD00110,C0110,Movie_110,Lionsgate,500.0,500.0,0.0,NONE,2026-04-02T02:19:27.627697,f111224665179663404577fabba3ec1cd6670f5e337a9863328cf1a20cfe3e08
AUD00111,C0111,Movie_111,Indie Label,500.0,500.0,0.0,NONE,2026-04-02T02:19:27.627697,42e74c2df527b25a744418dee7fbc02a6def7eef77a132ba0c532bee45a9bbf0
AUD00112,C0112,Movie_112,Sony Music,200.0,200.0,0.0,NONE,2026-04-02T02:19:27.627697,51ec72a006f0ff5031418e93b4eaf1afba4d8cdd58b647998dc182b5cbfb97fc
AUD00113,C0113,Movie_113,A24,200.0,200.0,0.0,NONE,2026-04-02T02:19:27.627697,8b53e2d513ba6f1c7d55bbf87aaba7329c5853918804173f426ee897852cf106
AUD00114,C0114,Movie_114,Universal,500.0,152.82,347.18,UNDERPAYMENT,2026-04-02T02:19:27.627697,eebd80de171369c0d7e0d35e25b857cd0751a76008c18c9a392efd73c86fa8dc
AUD00115,C0115,Movie_115,Lionsgate,750.0,750.0,0.0,NONE,2026-04-02T02:19:27.627697,22243020f39a3ff7630185f4eb383cf3059deb2ec358b9563250959be7c30b5b
AUD00116,C0116,Movie_116,Paramount,200.0,200.0,0.0,NONE,2026-04-02T02:19:27.627697,ccc113ae1b8eecb42f2c28fb0d21666cc5a9d68aca91d2ab0e4c8b3d10b8da51
AUD00117,C0117,Movie_117,Warner Bros,500.0,500.0,0.0,NONE,2026-04-02T02:19:27.627697,35c7f6e7b1447d9187d05e0744f835c02ef5c213a41c6ee5aaf28e593673e906
AUD00118,C0118,Movie_118,MGM,200.0,200.0,0.0,NONE,2026-04-02T02:19:27.627697,38e340b957d9fd15ac4b3c3512e9de528703fa44f94037bea10a5e79448a14ac
AUD00119,C0119,Movie_119,MGM,750.0,750.0,0.0,NONE,2026-04-02T02:19:27.627697,7925cce0ce7ab2d471e327ba6f038bfd8bbc84a16a6d06717d796abcaafed50c
AUD00120,C0120,Movie_120,A24,750.0,750.0,0.0,NONE,2026-04-02T02:19:27.627697,d6de77cff400d4600c647e4dfe0fd3cc5a37a77265b86ed4668590a100891397
AUD00121,C0121,Movie_121,Paramount,750.0,750.0,0.0,NONE,2026-04-02T02:19:27.627697,e42acc960f146f29eb0a10470a250227a36af958290a95b089d07857a6595ace
AUD00122,C0122,Movie_122,A24,750.0,750.0,0.0,NONE,2026-04-02T02:19:27.627697,21a1f11c0532e445d426e4e10fe2a60a77035797244a675bf15beda782a3ac60
AUD00123,C0123,Movie_123,Indie Label,750.0,750.0,0.0,NONE,2026-04-02T02:19:27.627697,673e2f7fb5329b06b49a408a11bc4d62b563671cd7895b705f68c88b9fe3fff3
AUD00124,C0124,Movie_124,Disney,200.0,200.0,0.0,NONE,2026-04-02T02:19:27.627697,0654dccbd0d0bd7ac1532d2f97168c0f8918eebfcd22975984a5c58b9373a550
AUD00125,C0125,Movie_125,Sony Music,750.0,750.0,0.0,NONE,2026-04-02T02:19:27.627697,e8be77a691a2f5c5a1776cea27764d4461c62531fee10c5cb171c251c65d7908
AUD00126,C0126,Movie_126,Sony Music,500.0,500.0,0.0,NONE,2026-04-02T02:19:27.627697,a856be83743a777d94405b8dcff93963285cea79d52d694789e5346c9a612a9d
AUD00127,C0127,Movie_127,Netflix Originals,200.0,200.0,0.0,NONE,2026-04-02T02:19:27.627697,9f9adff77158790986e0b2ace0ca90143250bc7942065aa756f642054d6b4d0f
AUD00128,C0128,Movie_128,Universal,200.0,200.0,0.0,NONE,2026-04-02T02:19:27.627697,7ec15a3db1e0ba780a06bb0d7e152b6119eb2fc70836ea48c8ca34e355c75134
AUD00129,C0129,Movie_129,Netflix Originals,200.0,200.0,0.0,NONE,2026-04-02T02:19:27.627697,2d41b040e0fc58ed085547f1a2e07fb2bf3bc280b719a9e068eb00ccdb6c694d
AUD00130,C0130,Movie_130,Paramount,500.0,-555.72,1055.72,TERRITORY_VIOLATION,2026-04-02T02:19:27.627697,8fb71dd71e434c5d25e80d30f6efbdd7687936d4511a96a5a2b27af7cfd1a624
AUD00131,C0131,Movie_131,Lionsgate,200.0,200.0,0.0,NONE,2026-04-02T02:19:27.627697,9f78da1bddf695d2f99cd351de60a0b97d726243c59ec3ef3df1d85c48a13637
AUD00132,C0132,Movie_132,Indie Label,200.0,221.84,-21.84,OVERPAYMENT,2026-04-02T02:19:27.627697,d668b8c5b941248ceb132ebfa4bef6380db5c55776898853d07b6024dad66284
AUD00133,C0133,Movie_133,Sony Music,750.0,750.0,0.0,NONE,2026-04-02T02:19:27.627697,88039e5d8431da8d3d9e1259f13f2324f60c2b2e9c965eed915ec5de11340f65
AUD00134,C0134,Movie_134,Indie Label,750.0,750.0,0.0,NONE,2026-04-02T02:19:27.627697,fda3e3bf2bd32a16bd21ab81a7af307ea3f12ace4cf01bec3ae07e09a522977a
AUD00135,C0135,Movie_135,A24,200.0,200.0,0.0,NONE,2026-04-02T02:19:27.627697,35b2d866e2ae54d96de81baced8e934876afd74d4ea7852292f5aa6dcc43e587
AUD00136,C0136,Movie_136,Universal,200.0,200.0,0.0,NONE,2026-04-02T02:19:27.627697,5780fb4b7a06438c44b9d04f9591fe132899cfd5c5a5d3c7af7f7848e7e10185
AUD00137,C0137,Movie_137,Sony Music,200.0,200.0,0.0,NONE,2026-04-02T02:19:27.627697,b0b9fc1334f16f752f00a3eac53c9dbf152319af3c87874e523da41e0bdcdf31
AUD00138,C0138,Movie_138,Disney,750.0,750.0,0.0,NONE,2026-04-02T02:19:27.627697,fd7cccf9494fe80ed5aaa73348217625a53e6236fb2bbdb34388c3e113948856
AUD00139,C0139,Movie_139,Sony Music,200.0,200.0,0.0,NONE,2026-04-02T02:19:27.627697,8adf362b94a6370933578c60974f251908f37e036f235423071c0eca9e5816e7
AUD00140,C0140,Movie_140,Paramount,500.0,500.0,0.0,NONE,2026-04-02T02:19:27.627697,c16e37da367817cdcb5dedba05e5507d0df4bee1ad954ace7c76046c7b79f009
AUD00141,C0141,Movie_141,Lionsgate,750.0,750.0,0.0,NONE,2026-04-02T02:19:27.627697,852d934945cddc2201fa9bd36c5ee89c686f2b7c25f1c8cfafb4b81caa525abd
AUD00142,C0142,Movie_142,Lionsgate,200.0,55.41,144.59,UNDERPAYMENT,2026-04-02T02:19:27.627697,d0c2f8964e39817a87df179f4bee0e58b7293d0147ed854781f96feb1a4aec14
AUD00143,C0143,Movie_143,A24,500.0,500.0,0.0,NONE,2026-04-02T02:19:27.627697,268c90fb9a84e360b592864bd8937524b378b9783ec64848d544f5f1e0506360
AUD00144,C0144,Movie_144,MGM,500.0,500.0,0.0,NONE,2026-04-02T02:19:27.627697,8799be343caa79fd88b717e18868bb7ce837c2d6bcf369e324983baf89750c61
AUD00145,C0145,Movie_145,Universal,750.0,750.0,0.0,NONE,2026-04-02T02:19:27.627697,28fa5fed8c93863091294f78cf4d6bd928eb5c13d09e51f2e4484f8c93887fc0
AUD00146,C0146,Movie_146,Indie Label,500.0,500.0,0.0,NONE,2026-04-02T02:19:27.627697,654916518bf41501466f181d2c0f58617593641a3076f5f633b4570aba6f6f15
AUD00147,C0147,Movie_147,Netflix Originals,500.0,500.0,0.0,NONE,2026-04-02T02:19:27.627697,6a8896c524aa9eca3a44e9253c5252faef0774440b68ba7a96fc9bde3e0cd1e5
AUD00148,C0148,Movie_148,Netflix Originals,200.0,200.0,0.0,NONE,2026-04-02T02:19:27.627697,27427cbc9e937bb505ffcb3512b054f579de6f9f8f0398d88213b08571599398
AUD00149,C0149,Movie_149,Indie Label,200.0,200.0,0.0,NONE,2026-04-02T02:19:27.627697,0adabc52eeaf3180594dc5aa0517bbbb4e5283fe622ae463dd6deab5faaa7070
AUD00150,C0150,Movie_150,Disney,200.0,200.0,0.0,NONE,2026-04-02T02:19:27.627697,63992767777abebc78e5811acc498be6545ad79cc8d7516028fe3fd12680a2bd
AUD00151,C0151,Movie_151,Paramount,750.0,750.0,0.0,NONE,2026-04-02T02:19:27.627697,27b66690803640e195eb4ad805a1edaefa50d81d3460d3154adf1d9408278756
AUD00152,C0152,Movie_152,Paramount,750.0,750.0,0.0,NONE,2026-04-02T02:19:27.627697,893cbe228bf3bb94a70d91cc078fbd2cbd2c0007333c726862bc247cee389602
AUD00153,C0153,Movie_153,Sony Music,200.0,200.0,0.0,NONE,2026-04-02T02:19:27.627697,7195d8826b7e3493b5a04a326bd4cd390a387733eb19885009e006efff03a7d7
AUD00154,C0154,Movie_154,Indie Label,200.0,200.0,0.0,NONE,2026-04-02T02:19:27.627697,21fb81faa101845c784a5b5ebf08c0dd0425268236b8784bd61cadc7129f50e3
AUD00155,C0155,Movie_155,Universal,200.0,200.0,0.0,NONE,2026-04-02T02:19:27.627697,8b08ec91f3482e313dbfcd8e8b1dc472848965986fb5faa0e2e0b2d2fe5a8a23
AUD00156,C0156,Movie_156,Indie Label,500.0,22.84,477.16,UNDERPAYMENT,2026-04-02T02:19:27.627697,8348876033f5af25223e8103345e2a1a7e4e64b1f9665e71111b0ebe1f6cb2b8
AUD00157,C0157,Movie_157,Paramount,500.0,500.0,0.0,NONE,2026-04-02T02:19:27.627697,7908bdabac084c710f1dabbb90c6c5867cb2a71a9785062622f03b4c1098dedd
AUD00158,C0158,Movie_158,MGM,500.0,500.0,0.0,NONE,2026-04-02T02:19:27.627697,1704746b7aa75eea04492d7c78c789a73957ff160e2e165e4c9621d71bbfc569
AUD00159,C0159,Movie_159,A24,200.0,200.0,0.0,NONE,2026-04-02T02:19:27.627697,042e4ac4da687b1c2e9782a5894a522a81184e2b81bd9a351e7b4c050d737c5d
AUD00160,C0160,Movie_160,Netflix Originals,200.0,200.0,0.0,NONE,2026-04-02T02:19:27.627697,758a63754b92c11a1b6ddf72bd9df46cc16716b8be7d039af6133b7335afcff5
AUD00161,C0161,Movie_161,MGM,750.0,750.0,0.0,NONE,2026-04-02T02:19:27.627697,e6b9dade75d880d118afd5d34476580064734303eb8ea12321d179df6df2b110
AUD00162,C0162,Movie_162,Netflix Originals,500.0,500.0,0.0,NONE,2026-04-02T02:19:27.627697,5b384ec8fd58ec89fdd21932bf42b45fb416aa57351b00e254f76f99a03f946c
AUD00163,C0163,Movie_163,Disney,750.0,750.0,0.0,NONE,2026-04-02T02:19:27.627697,2c93d25dcda0ffe2b0523d2ae6869989d79d820e536505db6d6dad2f2117540a
AUD00164,C0164,Movie_164,Sony Music,200.0,200.0,0.0,NONE,2026-04-02T02:19:27.627697,ebbf4c5d73a76dcb292b94f3c7746bfbcc4fcee978596d5469db6dd3d8052a03
AUD00165,C0165,Movie_165,Sony Music,500.0,500.0,0.0,NONE,2026-04-02T02:19:27.627697,93a3b8fd8cb1d1a552af9685c7ecc62cd4adb2099d0ee1a4171a98692e2e03b0
AUD00166,C0166,Movie_166,Sony Music,500.0,500.0,0.0,NONE,2026-04-02T02:19:27.627697,b8d977d6213558cd5ba5e619d83004bb2294d5087d48d59a0aab33d6ee9c6edb
AUD00167,C0167,Movie_167,MGM,500.0,500.0,0.0,NONE,2026-04-02T02:19:27.627697,63e61e632994161f6ba64b3c76e69a6af7a5fdf99f5cb84ba6a5f6de3fb258f4
AUD00168,C0168,Movie_168,Paramount,750.0,750.0,0.0,NONE,2026-04-02T02:19:27.627697,f4f0c0eaa361b17e4e9378b4ff38c2efb9e2363b738c304b13450a9be6850a42
AUD00169,C0169,Movie_169,Paramount,750.0,750.0,0.0,NONE,2026-04-02T02:19:27.627697,545a104fd3b4118ae8e0130913685293fa2873f39a6d8538bd6a9f1a8745ebe7
AUD00170,C0170,Movie_170,Warner Bros,750.0,750.0,0.0,NONE,2026-04-02T02:19:27.627697,c18f94e145c43cbfe14c56621b0c1151847aa472286f1445fe5d32505f9d33ee
AUD00171,C0171,Movie_171,A24,750.0,750.0,0.0,NONE,2026-04-02T02:19:27.627697,158b320ef9ade39eb8866d2e181494d34f5a4994d6439aa6ff8c5f611d837b71
AUD00172,C0172,Movie_172,A24,200.0,200.0,0.0,NONE,2026-04-02T02:19:27.627697,6b05774d473d04e7a9bb078f12f5aca2d9d1b917ceaa01bb1c9e4b8fe16d9b1f
AUD00173,C0173,Movie_173,MGM,750.0,750.0,0.0,NONE,2026-04-02T02:19:27.627697,e8e0a5592e53cc9b5957235d2d193dd949417de51d210a4689aae705609c1647
AUD00174,C0174,Movie_174,Paramount,750.0,750.0,0.0,NONE,2026-04-02T02:19:27.627697,137e877d9f1e58c0e809dbe724845ba8dd0451635a19139fa8d00618616483ac
AUD00175,C0175,Movie_175,Netflix Originals,750.0,750.0,0.0,NONE,2026-04-02T02:19:27.627697,e1cfcfec586b8e185d537fb827b3a4d8581997c0a1d1d3354efa952f811d33f8
AUD00176,C0176,Movie_176,Paramount,500.0,500.0,0.0,NONE,2026-04-02T02:19:27.627697,a479324d82d6d3e22b3c1fd498534c687fa90367d764908dbb0fd907a486487c
AUD00177,C0177,Movie_177,Lionsgate,500.0,500.0,0.0,NONE,2026-04-02T02:19:27.627697,65caf5da5df26e8e22d3a5f04869f320fecabc254ea1beb0e27d3bbacd778284
AUD00178,C0178,Movie_178,Disney,200.0,6.67,193.33,UNDERPAYMENT,2026-04-02T02:19:27.627697,e0890daab4ff42a8499c39cab5e42ee3d9586159ad3ec4e3df0c05773dbdd494
AUD00179,C0179,Movie_179,Lionsgate,750.0,750.0,0.0,NONE,2026-04-02T02:19:27.627697,1dd914fab498c2ba6175b5edc5fbd711282fc85c4153f1280fa127b0725c8ee8
AUD00180,C0180,Movie_180,MGM,750.0,750.0,0.0,NONE,2026-04-02T02:19:27.627697,700ddacdc6b3c9687aed4fcea2db441f00511ee5459baedcbdb5618c4e8a9f2e
AUD00181,C0181,Movie_181,A24,500.0,194.88,305.12,UNDERPAYMENT,2026-04-02T02:19:27.627697,76fa476d707b5d3e4a68dbd3460a9f1901a74c985897c7bdb3f7791375c6d7b1
AUD00182,C0182,Movie_182,A24,500.0,500.0,0.0,NONE,2026-04-02T02:19:27.627697,538e46f19869f15233b4f5b93bf260bc5f228cdf265d11fdfea9319ba036f64a
AUD00183,C0183,Movie_183,Indie Label,200.0,200.0,0.0,NONE,2026-04-02T02:19:27.627697,8c6014394bde809867236ff2e9f31dc142f4fbe2296c638efcc2b7370bcb2c07
AUD00184,C0184,Movie_184,A24,200.0,200.0,0.0,NONE,2026-04-02T02:19:27.627697,95ff8217e0f06e467ef14fed024bfe1ac20719a218a4b7bc977c759cd921b979
AUD00185,C0185,Movie_185,Paramount,200.0,200.0,0.0,NONE,2026-04-02T02:19:27.627697,bfc65ae35818f299059bfc8b9f3c2fc24c79972542b18b2b12f6f94b6fef5127
AUD00186,C0186,Movie_186,A24,500.0,500.0,0.0,NONE,2026-04-02T02:19:27.627697,de8cc2b927a46153a7b73d7d12f8d94146e695fe392bbc3919be0d5a2b74b4e2
AUD00187,C0187,Movie_187,Universal,500.0,500.0,0.0,NONE,2026-04-02T02:19:27.627697,94badfce8b4387c17aac3dd287e4dbf3bc22d3c313d2535ac82e516395966bde
AUD00188,C0188,Movie_188,Paramount,750.0,750.0,0.0,NONE,2026-04-02T02:19:27.627697,23c28f99d0e31a4d2632fdd7bd5b0014a0406c51f77bfc4155af884af3eb5317
AUD00189,C0189,Movie_189,Universal,200.0,200.0,0.0,NONE,2026-04-02T02:19:27.627697,972a3ad2a4bd44accf2880551b43fd970bfdea829b3da5f54da35647320d33bc
AUD00190,C0190,Movie_190,Disney,200.0,200.0,0.0,NONE,2026-04-02T02:19:27.627697,f6ddf0531ebeb600685f15e41a893ede82af0f09760bcadb46d9c0f174b56e01
AUD00191,C0191,Movie_191,A24,750.0,750.0,0.0,NONE,2026-04-02T02:19:27.627697,fbd35658849b4b70a06298b30208eec075908dd8888155b740a9499c6fdddc6c
AUD00192,C0192,Movie_192,Warner Bros,750.0,750.0,0.0,NONE,2026-04-02T02:19:27.627697,d30b3a95a5a1d246e2ea7c53ad935d2941eb8a5810ca241995711874b949dae2
AUD00193,C0193,Movie_193,Lionsgate,750.0,750.0,0.0,NONE,2026-04-02T02:19:27.629711,a989378a7e277daad8cfca69dac4ebdb9d5773bd6df78273469808f7433602e6
AUD00194,C0194,Movie_194,Netflix Originals,500.0,500.0,0.0,NONE,2026-04-02T02:19:27.629711,4d4e2a34b5db037d3fad06c13abeaa77e5dd7bf6b932b11372536004d0813bf8
AUD00195,C0195,Movie_195,Universal,500.0,500.0,0.0,NONE,2026-04-02T02:19:27.629711,0cca59f10db2f9bf6204ae45486563190c321207100ef0ae4df70b7c0eed65f9
AUD00196,C0196,Movie_196,Sony Music,500.0,500.0,0.0,NONE,2026-04-02T02:19:27.629711,8debeb338d48164db7cb2b438e7ed4153dd3ce0846df750c82f48d9a9431b277
AUD00197,C0197,Movie_197,A24,200.0,200.0,0.0,NONE,2026-04-02T02:19:27.629711,464df2a69cb8d67b55b9d12b001b2224fc4a0bb2da6b27f0feda20d483590d69
AUD00198,C0198,Movie_198,Indie Label,500.0,500.0,0.0,NONE,2026-04-02T02:19:27.629711,f86e883bbd3c6a72b3fcfb480ab9ec8c7469270bb4a5ddef02b6a8a559f230f6
AUD00199,C0199,Movie_199,Warner Bros,500.0,500.0,0.0,NONE,2026-04-02T02:19:27.629711,19dc6ac1526d674b6a246e86518513e8500712727027ddf7b6789eea789bb113
AUD00200,C0200,Movie_200,Indie Label,500.0,599.57,-99.57,OVERPAYMENT,2026-04-02T02:19:27.629711,ee15c5666b3cef7449950a3de58d2899cce5c00ce01bd5e53210c0bb506bbf35
AUD00201,C0201,Movie_201,Universal,500.0,500.0,0.0,NONE,2026-04-02T02:19:27.629711,0ef033b70d417dde70d459288691fe721f6d4c80b60b299ee474b102aff100b7
AUD00202,C0202,Movie_202,Paramount,750.0,750.0,0.0,NONE,2026-04-02T02:19:27.629711,6477a449191a29bbf7bcb801add8c03603a3f0fcc443d98d21d4e97628675318
AUD00203,C0203,Movie_203,Netflix Originals,500.0,500.0,0.0,NONE,2026-04-02T02:19:27.629711,476d37009afa1507c72f0346381ab1459a0aefeae299d046a1dd531e56d1b171
AUD00204,C0204,Movie_204,Lionsgate,200.0,200.0,0.0,NONE,2026-04-02T02:19:27.629711,6a1484ae1993de72d5b88eab39a64db52303a491d6a3242ffa71b748e8f651f1
AUD00205,C0205,Movie_205,Netflix Originals,200.0,200.0,0.0,NONE,2026-04-02T02:19:27.629711,80c013ac8903517f97bd1083cf3bfdd507b31459a2e54694f1a2546ffacde4cf
AUD00206,C0206,Movie_206,Universal,500.0,500.0,0.0,NONE,2026-04-02T02:19:27.629711,31051580cc6ecf1a39e595ae1f6899868f8cfacd712060cce74bda629f7cbff6
AUD00207,C0207,Movie_207,Sony Music,750.0,750.0,0.0,NONE,2026-04-02T02:19:27.629711,8cf88dd80d5edbfc522999f79dc8ade81c314d7fa6d2472c05024b263865d180
AUD00208,C0208,Movie_208,MGM,200.0,200.0,0.0,NONE,2026-04-02T02:19:27.629711,df595d7b3d99c69410833836c6a3c18205d8848b810c152fca321e5c4ddf0dba
AUD00209,C0209,Movie_209,A24,500.0,296.1,203.9,UNDERPAYMENT,2026-04-02T02:19:27.629711,26802ebc24a8ecc17a397fc340609450eb5071e6a64f4f802b47a9a2d2cddfdc
AUD00210,C0210,Movie_210,Paramount,750.0,750.0,0.0,NONE,2026-04-02T02:19:27.629711,4db912ee73cdb50fd4dcc78c259b7fbabb3991ffdbc6ef36915c7a5418003cce
AUD00211,C0211,Movie_211,Universal,200.0,200.0,0.0,NONE,2026-04-02T02:19:27.629711,296d8a6fc86fb43575d4437f502ff8e3862a04b0c1c085c7470d787d2a2f3787
AUD00212,C0212,Movie_212,A24,200.0,200.0,0.0,NONE,2026-04-02T02:19:27.629711,12860996925111172592d78eaf4793670ab2e1f5839439413ee31a80101e99c5
AUD00213,C0213,Movie_213,A24,750.0,750.0,0.0,NONE,2026-04-02T02:19:27.629711,c4b8d0fa65554fea3abae5edd757fa609da0a1273eda757d670e1e9882b2aefe
AUD00214,C0214,Movie_214,Lionsgate,750.0,750.0,0.0,NONE,2026-04-02T02:19:27.629711,9c9c5d9b5d27ac635470b5389384a9b57402bd885393b45bd9bb0a13dd233990
AUD00215,C0215,Movie_215,Warner Bros,200.0,200.0,0.0,NONE,2026-04-02T02:19:27.629711,9461a662048d0e3f3e122a5dba027f417808e7c061d78ec508bbf83ae12d667f
AUD00216,C0216,Movie_216,Netflix Originals,500.0,500.0,0.0,NONE,2026-04-02T02:19:27.629711,74e2f66be8fc2e96df708ef8ed00ab5a8241ee4e70da04d08b13d3e91e307aae
AUD00217,C0217,Movie_217,Paramount,750.0,750.0,0.0,NONE,2026-04-02T02:19:27.629711,5328f3f751e78377a209d139076ad931b429a23c73189f2be3edeecd8d33cc9c
AUD00218,C0218,Movie_218,MGM,750.0,750.0,0.0,NONE,2026-04-02T02:19:27.629711,c0ce815e5a7e1d5c5b3d31374234f3d7cb220b9e7befb741e56c636dcadad9f2
AUD00219,C0219,Movie_219,Warner Bros,750.0,750.0,0.0,NONE,2026-04-02T02:19:27.629711,0572dbc03084409c0d80f7552bb5ab445f081b1401cca578c6cbec2bc35ee061
AUD00220,C0220,Movie_220,Warner Bros,750.0,750.0,0.0,NONE,2026-04-02T02:19:27.629711,fc3bef236801f7b648f3c1102f70f8793ac58675371b55a9efe26f068c73fd55
AUD00221,C0221,Movie_221,Indie Label,750.0,750.0,0.0,NONE,2026-04-02T02:19:27.629711,3656350db41cf1c60b686650896aa98a000e85df94a2931c56ea4189c91c4c21
AUD00222,C0222,Movie_222,Netflix Originals,750.0,750.0,0.0,NONE,2026-04-02T02:19:27.629711,35167c49d78da39b33b5a803bd8bfaa73afc64855bc3bba03bc1196c424c1cf0
AUD00223,C0223,Movie_223,Lionsgate,500.0,500.0,0.0,NONE,2026-04-02T02:19:27.629711,4031000194cce7ef50a309950882489072245c1d1b3c259f1f8fc7072933e55c
AUD00224,C0224,Movie_224,Paramount,500.0,500.0,0.0,NONE,2026-04-02T02:19:27.629711,48aed47be4a8633ffcfdb437aaec39cc419e09b6baf96fb21b5c02a4f17d5b6a
AUD00225,C0225,Movie_225,Disney,750.0,-1983.71,2733.71,EXPIRED_LICENSE,2026-04-02T02:19:27.629711,a1c4412758b4f2f94046a095854f146c732f26965a34d428e82416a9090471b4
AUD00226,C0226,Movie_226,Indie Label,200.0,200.0,0.0,NONE,2026-04-02T02:19:27.629711,bf90c646a79ab716ad4d6ea912e3da0fb688fad274e1b69682de3e38789dd3ff
AUD00227,C0227,Movie_227,A24,200.0,200.0,0.0,NONE,2026-04-02T02:19:27.629711,9f8ea60d1a4dfdb73862d39f7925c159d4ca1be1a664886672f92c2530bf6daf
AUD00228,C0228,Movie_228,Netflix Originals,750.0,750.0,0.0,NONE,2026-04-02T02:19:27.629711,646e5ab4e3b534230b6361f3a9d11e7db4f78c0c1c1b63b5155a12a3d17353a2
AUD00229,C0229,Movie_229,Lionsgate,500.0,500.0,0.0,NONE,2026-04-02T02:19:27.629711,f6f9780711530c69708f222dd05b51ed8431d66260016b285315187df52bf390
AUD00230,C0230,Movie_230,Netflix Originals,750.0,750.0,0.0,NONE,2026-04-02T02:19:27.629711,85f12d9abfc42e3a664c3dc9430d3bb7946c502959ecd1ac65705171d75cf6e5
AUD00231,C0231,Movie_231,Warner Bros,750.0,750.0,0.0,NONE,2026-04-02T02:19:27.629711,df7a3532818998d64e1f7aeaf2bbfb9cdcea39be4f8192f69e05b957e0e5e45d
AUD00232,C0232,Movie_232,Lionsgate,500.0,500.0,0.0,NONE,2026-04-02T02:19:27.629711,dbb98314578ee88b4c78e195a97d95f9334d432e78c5dcdf4fce773849d9a875
AUD00233,C0233,Movie_233,Lionsgate,750.0,750.0,0.0,NONE,2026-04-02T02:19:27.630616,fa23ffdd8ef11b63a440e41649ffb27e084904475e1c2122bc0f0ff931c90ba6
AUD00234,C0234,Movie_234,Indie Label,750.0,750.0,0.0,NONE,2026-04-02T02:19:27.630616,596769c4f73572452b8c250b3352880f1bd5db3603a7eb1a39b7456ac29f4d51
AUD00235,C0235,Movie_235,MGM,200.0,200.0,0.0,NONE,2026-04-02T02:19:27.630616,714b61d879fd06a4f8ca3888488238d0e56b62a74c1c94c2de2dc5f4c6a43266
AUD00236,C0236,Movie_236,Indie Label,200.0,200.0,0.0,NONE,2026-04-02T02:19:27.630616,098de3009b9a9c5894e16be54d20dfcaf3a4c2b0130de6f396cded426065017f
AUD00237,C0237,Movie_237,Indie Label,200.0,200.0,0.0,NONE,2026-04-02T02:19:27.630616,db51d9b5f1e21c29f70e6592f0556dbf654fd693dc53d0130715ad6f95d77964
AUD00238,C0238,Movie_238,Warner Bros,200.0,-165.51,365.51,TERRITORY_VIOLATION,2026-04-02T02:19:27.630616,f40b768d263ee754d2cc8d10de5a70e46b11c076fcfee25d62ab87f26ec058a9
AUD00239,C0239,Movie_239,Sony Music,500.0,500.0,0.0,NONE,2026-04-02T02:19:27.630616,939f65f05e8e560cd588dabf92e35a94db9394b72dc285ca3e59b3f2aacce55f
AUD00240,C0240,Movie_240,Disney,200.0,200.0,0.0,NONE,2026-04-02T02:19:27.630616,2a0dd334066a1d63dd35537a59972e97be601ac209854247270b09a71bc46c76
AUD00241,C0241,Movie_241,A24,500.0,500.0,0.0,NONE,2026-04-02T02:19:27.630616,81e8ca277c4ebb0ee8b34a15fcffbf08e2a571895fa19f9e4ccaa3a34949521b
AUD00242,C0242,Movie_242,Netflix Originals,500.0,631.86,-131.86,OVERPAYMENT,2026-04-02T02:19:27.630616,1e817c4a0671343e68b05c77f46e93c7c65d56b5e10439787b799a9056ca30f4
AUD00243,C0243,Movie_243,Paramount,200.0,200.0,0.0,NONE,2026-04-02T02:19:27.630616,e7f6a45c47a0f361bc9761b535e53f970ad5b597ffb3426d74550cc630b08354
AUD00244,C0244,Movie_244,Sony Music,750.0,750.0,0.0,NONE,2026-04-02T02:19:27.630616,f7225bfa8fc4aeb49327e28fbe34a7a04366bae4745af3a4f150efe5defeac86
AUD00245,C0245,Movie_245,Disney,500.0,500.0,0.0,NONE,2026-04-02T02:19:27.630616,fd27eae018745d1f0642f7563c3c841b556211a47fcc41959f7758d0bf2f26a8
AUD00246,C0246,Movie_246,Lionsgate,500.0,500.0,0.0,NONE,2026-04-02T02:19:27.630616,83cdb9a77117552518bea6e55c4329d7b63143f1b8710e4511322f0c1d3064ce
AUD00247,C0247,Movie_247,Paramount,200.0,200.0,0.0,NONE,2026-04-02T02:19:27.630616,72dbb436885933abc8f7e0fd52449d397c2ac4ee51c6ad9337e715c48903e5d6
AUD00248,C0248,Movie_248,Warner Bros,500.0,500.0,0.0,NONE,2026-04-02T02:19:27.630616,afda5a66a6ecfece77d745d4ad3309e96d54e5d6f1539f83d46386a329b41825
AUD00249,C0249,Movie_249,A24,500.0,500.0,0.0,NONE,2026-04-02T02:19:27.630616,6c04763daa8db18399b8e623bc9d36b1538b8ee3b9511fac0c87096e32ef951c
AUD00250,C0250,Movie_250,Netflix Originals,750.0,750.0,0.0,NONE,2026-04-02T02:19:27.630616,b969c6fece0d9a0d4c609fefa16eed995d15d3ee83a521c018918783b4e20091
AUD00251,C0251,Movie_251,Disney,200.0,200.0,0.0,NONE,2026-04-02T02:19:27.630616,7a3e4e068946fc2edbe716c0dd24d8b6fc02d3314554032aa6775964a70bcb47
AUD00252,C0252,Movie_252,Netflix Originals,750.0,750.0,0.0,NONE,2026-04-02T02:19:27.630616,08b9ca27f248e1c362ee203a6f7601c5dff04790964df8fa0da5ca9ce1a2ebe7
AUD00253,C0253,Movie_253,Indie Label,500.0,500.0,0.0,NONE,2026-04-02T02:19:27.630616,7f4b61229ed57d38d54b53f976d9ccd3e80b186b00af26cfab5a3b70aa783672
AUD00254,C0254,Movie_254,Netflix Originals,500.0,500.0,0.0,NONE,2026-04-02T02:19:27.630616,85e65d50cdc60215401ed2706a81492dc188040bb0f84ccd944a3a153cd07706
AUD00255,C0255,Movie_255,Paramount,200.0,200.0,0.0,NONE,2026-04-02T02:19:27.630616,d255d61782a012b1dee00c2980d3047236fb77f3e57f08a26c6993f68cd21fc5
AUD00256,C0256,Movie_256,Universal,500.0,500.0,0.0,NONE,2026-04-02T02:19:27.630616,94ce072347b439b3ec91fc39170ba243e209d927f006ca331ecfb7f7c61cdfe3
AUD00257,C0257,Movie_257,Paramount,200.0,200.0,0.0,NONE,2026-04-02T02:19:27.630616,0898e4a34809e707d2efd08f55e4a7e570e9c6b60b298c1748465a61e54cbe60
AUD00258,C0258,Movie_258,Netflix Originals,500.0,500.0,0.0,NONE,2026-04-02T02:19:27.630616,863ce35015174a5b305b720bae5f747e8dd2c325278620ebea2ac2fb3ad65104
AUD00259,C0259,Movie_259,MGM,750.0,750.0,0.0,NONE,2026-04-02T02:19:27.630616,cb43c9d48a6dfc41b1541755efac2cd86bf8e18f57c7cd9f28cf5c3ae2fc5dc6
AUD00260,C0260,Movie_260,Warner Bros,200.0,200.0,0.0,NONE,2026-04-02T02:19:27.630616,09c3237b3f188661d025de71ddf6f45d7d9a52154a15e34669f4ec2b7165efa6
AUD00261,C0261,Movie_261,A24,750.0,35.96,714.04,UNDERPAYMENT,2026-04-02T02:19:27.630616,64e4739a5391ec1bd2dae9c3b5a84b437492f07345a58d9f0aaf74915e4a4486
AUD00262,C0262,Movie_262,Warner Bros,500.0,141.78,358.22,UNDERPAYMENT,2026-04-02T02:19:27.630616,144a27e7da6d09a283f71be9cb388c247874b61f3af61e5366795f5e474b151e
AUD00263,C0263,Movie_263,Paramount,500.0,633.28,-133.28,OVERPAYMENT,2026-04-02T02:19:27.630616,bc2ebf60e5e20c6199cb00aa61fe9c67bb915caba9e3f57570eada3d10392a39
AUD00264,C0264,Movie_264,Netflix Originals,200.0,200.0,0.0,NONE,2026-04-02T02:19:27.630616,d98aed5ee2080cadf69b9e6c43dc8892d73ff01523f96aaca9554f2b246a9111
AUD00265,C0265,Movie_265,Sony Music,750.0,750.0,0.0,NONE,2026-04-02T02:19:27.630616,ec47542a17f80847c3898169609b5aa16a136f85669cb6d7050b9a884543c502
AUD00266,C0266,Movie_266,Indie Label,750.0,750.0,0.0,NONE,2026-04-02T02:19:27.630616,e9051d2fd11f783f090db333b6e905aa158ea8b244c9efac9fa1c64a19452a87
AUD00267,C0267,Movie_267,Sony Music,750.0,750.0,0.0,NONE,2026-04-02T02:19:27.630616,b1cc9cf86a57ea036575dc573cad4974f9544a52ffca23e5d91f4fd38fdea297
AUD00268,C0268,Movie_268,A24,500.0,500.0,0.0,NONE,2026-04-02T02:19:27.630616,520927ff829bb63599ac1182a1f02a752cdc947a4d3107a663c0b24adf1f046f
AUD00269,C0269,Movie_269,Paramount,200.0,200.0,0.0,NONE,2026-04-02T02:19:27.630616,c7844fd9a63571a43aa494d0d981c4a6934623866e052862bfee33e04c7f3db6
AUD00270,C0270,Movie_270,Warner Bros,200.0,200.0,0.0,NONE,2026-04-02T02:19:27.630616,978456b03f098c5be3ae4eab0592a9dab4d56a5d05ff8d4e3c21f067f5704fa0
AUD00271,C0271,Movie_271,Warner Bros,500.0,500.0,0.0,NONE,2026-04-02T02:19:27.630616,4aeff885e00a7480e03f93a42f849c4c1f72621358676b8551c1e68b783496ed
AUD00272,C0272,Movie_272,Sony Music,200.0,200.0,0.0,NONE,2026-04-02T02:19:27.630616,22896f33f35092b7b48c0bb309e76fb26c44b4da34c4baff29fb91fc58ba418e
AUD00273,C0273,Movie_273,Netflix Originals,750.0,750.0,0.0,NONE,2026-04-02T02:19:27.630616,3a620158db419c60b6058d3a79a93defad73c9168b64b912a0a3f2decab8d7b6
AUD00274,C0274,Movie_274,MGM,750.0,750.0,0.0,NONE,2026-04-02T02:19:27.630616,8291c561fe0e307a83bf55134f9ac414f02f74c0edf5d0b83ec9d0e40d5b35ad
AUD00275,C0275,Movie_275,Indie Label,750.0,750.0,0.0,NONE,2026-04-02T02:19:27.630616,72a161f9ad61ae5632c65d290c3c54a3c068c96a56a2f436c2e8936c9da344c7
AUD00276,C0276,Movie_276,Lionsgate,500.0,-143.0,643.0,TERRITORY_VIOLATION,2026-04-02T02:19:27.630616,aea16c4e7cdaadeedc3ee7e37b678c6e0e1a90739356968997355c22cb7fce80
AUD00277,C0277,Movie_277,Lionsgate,750.0,750.0,0.0,NONE,2026-04-02T02:19:27.630616,8f8133d9df963aa02a3bd1798411340427615dfad1579f886b952fb1d55a0a6f
AUD00278,C0278,Movie_278,Universal,200.0,200.0,0.0,NONE,2026-04-02T02:19:27.630616,0094f7474f3c12ff78de9b5c2cc4cf4a59ea7f60f4276e646a95a3ca5136cdb8
AUD00279,C0279,Movie_279,MGM,200.0,200.0,0.0,NONE,2026-04-02T02:19:27.630616,41066c944284d3d2303213be791f70e7c176feec940a64ecf34697546a63fdc9
AUD00280,C0280,Movie_280,Netflix Originals,200.0,200.0,0.0,NONE,2026-04-02T02:19:27.630616,ce5aaf5c026e0e449cc7d5f8c16540d308537b1a4df86684dda62faf5b5d815d
AUD00281,C0281,Movie_281,Disney,750.0,750.0,0.0,NONE,2026-04-02T02:19:27.630616,6772c37edcd1292b065e306a827438485c44ab5f608ded73da2c7fdfbe59c5aa
AUD00282,C0282,Movie_282,Paramount,500.0,500.0,0.0,NONE,2026-04-02T02:19:27.630616,fa34759addf89047442ed9c5169e6243c7ed7fffc1fe4532390169859fb211df
AUD00283,C0283,Movie_283,Disney,200.0,200.0,0.0,NONE,2026-04-02T02:19:27.630616,8455b4af3c3964dd545ad8c4e1fc810265f4023d08947746ddf6e24f4f27732b
AUD00284,C0284,Movie_284,MGM,500.0,500.0,0.0,NONE,2026-04-02T02:19:27.630616,1c0ae894172c19899e3faa5758f3ebad9bae1addc5e9b1fa0245a788ca745b02
AUD00285,C0285,Movie_285,Disney,750.0,750.0,0.0,NONE,2026-04-02T02:19:27.630616,b67eedada60e748dd6e33d352b738d6152261aec58746ec4650841db1841c436
AUD00286,C0286,Movie_286,A24,500.0,500.0,0.0,NONE,2026-04-02T02:19:27.630616,ddb16297b1362c5296f5e02bc8fa41b0ba359b27ad96fe967b99eeb397842a35
AUD00287,C0287,Movie_287,Warner Bros,750.0,750.0,0.0,NONE,2026-04-02T02:19:27.630616,228aa6f23d2bea039d632bae1415ca9d962d48b8ae5929ebdd0cfc66421c35f0
AUD00288,C0288,Movie_288,Universal,200.0,200.0,0.0,NONE,2026-04-02T02:19:27.630616,0492ab8f386f2eaaef93ae78165e615113ef9a2b6b5728110f298f190aff43e2
AUD00289,C0289,Movie_289,MGM,500.0,500.0,0.0,NONE,2026-04-02T02:19:27.630616,6b60c7fc494da38d996b6471cb468f4e29e7dce184cd00c61c95c5e9be4743d9
AUD00290,C0290,Movie_290,Lionsgate,500.0,500.0,0.0,NONE,2026-04-02T02:19:27.630616,9b00fab59e64ab7bf5b61db852d3057c12741b44e3b6f9f29df87fc5b17ce3ed
AUD00291,C0291,Movie_291,Universal,200.0,200.0,0.0,NONE,2026-04-02T02:19:27.630616,fb156b83fb24ea921ee44075f3773de22870dc578432f9904aecbfccc7e1120d
AUD00292,C0292,Movie_292,Indie Label,500.0,500.0,0.0,NONE,2026-04-02T02:19:27.630616,bf8c0c1eb91f42c362953f16e7545e215ddf52dafaa5fe69bc369d8af11880d9
AUD00293,C0293,Movie_293,Universal,200.0,200.0,0.0,NONE,2026-04-02T02:19:27.630616,8c558e8c9a9f144a86107e8374af5f865542c4fab99564323cdfc0faa63568b5
AUD00294,C0294,Movie_294,Warner Bros,500.0,500.0,0.0,NONE,2026-04-02T02:19:27.630616,24033a7445a7b606b924d77b0a82ff39692f3c72ee35510ac3d162df2b520b72
AUD00295,C0295,Movie_295,Universal,200.0,229.75,-29.75,OVERPAYMENT,2026-04-02T02:19:27.630616,9f14fb1f472d129ec93cfea2d04d6c6e4e414536cb840b7b5dd48a724610def4
AUD00296,C0296,Movie_296,Paramount,750.0,430.38,319.62,UNDERPAYMENT,2026-04-02T02:19:27.630616,aaeb934b0fc798a005a29a02159aa4cb7c05684d80bd76e8a8b01fcfb520b81d
AUD00297,C0297,Movie_297,Sony Music,500.0,500.0,0.0,NONE,2026-04-02T02:19:27.630616,2db09e0a10065cf4f7dbcdc3a2fbcee2cf3c1c022f5cd9fedb35139c0d131f9b
AUD00298,C0298,Movie_298,Indie Label,500.0,500.0,0.0,NONE,2026-04-02T02:19:27.630616,f0764b53e25c3d3d93a816a896989108ff94fbf2c6457a7ac1f3fcb4eae8c57c
AUD00299,C0299,Movie_299,Warner Bros,200.0,125.24,74.76,UNDERPAYMENT,2026-04-02T02:19:27.630616,36ead8025e08ac1dd7d185c094c5ff57a2e43fd982846ba3a8052d6427091111
AUD00300,C0300,Movie_300,Paramount,500.0,586.69,-86.69,OVERPAYMENT,2026-04-02T02:19:27.630616,0198814f9fce2edcf01169ab3ac62133d0cf9f2ed52ec7401a3d4c363477f597
AUD00301,C0301,Song_001,Indie Label,500.0,500.0,0.0,NONE,2026-04-02T02:19:27.630616,ed3651170ffbc5cd4ff3d401eb289f5ac08a0477e9d5164c04ebafaffec4418c
AUD00302,C0302,Song_002,Sony Music,500.0,500.0,0.0,NONE,2026-04-02T02:19:27.630616,2695f506d1c39bb3b43c039d02aabc36668bf57c627cf50b95ed3b1c2f94cb49
AUD00303,C0303,Song_003,Paramount,200.0,232.34,-32.34,OVERPAYMENT,2026-04-02T02:19:27.630616,95fda3aedcc9d83e8e7e6deb6f2755a367a5488c7cef1848ca5a756ec0c642ce
AUD00304,C0304,Song_004,Netflix Originals,750.0,750.0,0.0,NONE,2026-04-02T02:19:27.630616,120b1811c763fa89fce0953de0625071184a494f761ae5803e3b118dc9ef2912
AUD00305,C0305,Song_005,Universal,200.0,200.0,0.0,NONE,2026-04-02T02:19:27.630616,4554488c86086fcfba64bb7c16951811025aa8d1607ac061bde972830e602493
AUD00306,C0306,Song_006,Paramount,200.0,200.0,0.0,NONE,2026-04-02T02:19:27.630616,a8db326fe64be9c92bc8f3bacc0b49e38b1b0b6865089398f42f4d269c677cb5
AUD00307,C0307,Song_007,Universal,750.0,750.0,0.0,NONE,2026-04-02T02:19:27.630616,49f1ba8ec5caae8ce0fcc5b8261d82791d6e98a0f3f4f10676cf3c2aeb7062c8
AUD00308,C0308,Song_008,Warner Bros,750.0,750.0,0.0,NONE,2026-04-02T02:19:27.630616,949bf58e67142c9b1dce2a7ef881a5c5676ac373a02dfe4e80c288682a3de7ea
AUD00309,C0309,Song_009,MGM,750.0,750.0,0.0,NONE,2026-04-02T02:19:27.630616,c2c52139e21c4265c04fb8c8b21c863a4bf5c9f55d5ddc0a9f995c9b59b6e3b6
AUD00310,C0310,Song_010,Netflix Originals,750.0,750.0,0.0,NONE,2026-04-02T02:19:27.630616,ac6593ae1abf495f60d65f2ca6ebe46b0a94fba6065b0439e208a5e0f22ba651
AUD00311,C0311,Song_011,Indie Label,200.0,200.0,0.0,NONE,2026-04-02T02:19:27.630616,1ad33d667669a69461b8b701ab406aec8764609a8667f2a8fd475e01689a5cbd
AUD00312,C0312,Song_012,A24,500.0,500.0,0.0,NONE,2026-04-02T02:19:27.630616,c27d8fcfa152421cbec1c194b9bddca1724795468f48df305c7c45e03c0314e6
AUD00313,C0313,Song_013,Indie Label,750.0,750.0,0.0,NONE,2026-04-02T02:19:27.630616,4868867856813cd09af29b4e062708452e6330c2ad1f464ecbc39e1efe3e739d
AUD00314,C0314,Song_014,Indie Label,500.0,500.0,0.0,NONE,2026-04-02T02:19:27.630616,5457f464475418ad51ec27c37c4fc03dda6294fa4fd0653350d70b08dba0b605
AUD00315,C0315,Song_015,Indie Label,750.0,750.0,0.0,NONE,2026-04-02T02:19:27.630616,c673a8c90cd57af50f87cfc191de75210e1507f2d5682e84e214b387134c628b
AUD00316,C0316,Song_016,Netflix Originals,200.0,200.0,0.0,NONE,2026-04-02T02:19:27.630616,fac247d771f5cfc4fe688a28bf45c4bb53b00d0e62398c74e76be345834b17cb
AUD00317,C0317,Song_017,Indie Label,500.0,500.0,0.0,NONE,2026-04-02T02:19:27.630616,87e7133512834017545622d4ebe223beacb35f3b532ad8093d1079ed95e88f5c
AUD00318,C0318,Song_018,Disney,500.0,500.0,0.0,NONE,2026-04-02T02:19:27.630616,552fcd9cce6eaaf3b810d667ef5437a04bb91cd3d1ec96bfada3c06f1f727aca
AUD00319,C0319,Song_019,A24,200.0,200.0,0.0,NONE,2026-04-02T02:19:27.630616,ac1ba56c1dba167f7a531555b400561c67e4f19cfa5df23328c5638b3ce07b7b
AUD00320,C0320,Song_020,Disney,500.0,-43.1,543.1,UNDERPAYMENT,2026-04-02T02:19:27.630616,17ee035a2512bddffdc59d9a6ecc6e332e3f6c85dc453b1330c539ffcd4ec6d5
AUD00321,C0321,Song_021,Universal,750.0,750.0,0.0,NONE,2026-04-02T02:19:27.630616,50f4058d7e258ea852a83549d944cb0bf993c1250059542b8bcfc6cd5426b2d5
AUD00322,C0322,Song_022,Lionsgate,500.0,500.0,0.0,NONE,2026-04-02T02:19:27.630616,972dac9fa945ecac811b142400d29d85e31548486bdfbd0ee94cad344d94d1d9
AUD00323,C0323,Song_023,Sony Music,500.0,123.62,376.38,UNDERPAYMENT,2026-04-02T02:19:27.630616,e4f73595d51cdeeb7776a3184bc9a776b930007a2dd1f80d03c919c832512635
AUD00324,C0324,Song_024,Warner Bros,500.0,500.0,0.0,NONE,2026-04-02T02:19:27.630616,e906fb3519d792b770a95adb993213510f4e78ec4ff162b61d690fdf68d98ae5
AUD00325,C0325,Song_025,Lionsgate,200.0,200.0,0.0,NONE,2026-04-02T02:19:27.630616,26ce3f1b16f5907bfb9bc8b8699dcc1f6c2b1fbee0a9de7bc3349dc8b4c845df
AUD00326,C0326,Song_026,Netflix Originals,500.0,500.0,0.0,NONE,2026-04-02T02:19:27.630616,1a99622ca1a2201a05c1efeac810a73bf5b0f7da95fc80a6ae3031d3fc7e956a
AUD00327,C0327,Song_027,Sony Music,500.0,500.0,0.0,NONE,2026-04-02T02:19:27.630616,f3d2db24ac20bb14f30283140685f6fa67e9e2f7b86cfb9cbd29838545e7bdfc
AUD00328,C0328,Song_028,Disney,500.0,500.0,0.0,NONE,2026-04-02T02:19:27.630616,68e4675a4b3dc3371515a1196d26d4142f3735c6a611fa7bfdd471581f98f7e7
AUD00329,C0329,Song_029,MGM,500.0,500.0,0.0,NONE,2026-04-02T02:19:27.630616,fbaa76734080d7793fac9fa0aef052a235cfef9ba04391436fcd885e1e97642e
AUD00330,C0330,Song_030,Sony Music,750.0,750.0,0.0,NONE,2026-04-02T02:19:27.630616,2236edfc9ec68dbf246705a897bc19b55443c720dffeb2a2b44d7b55b5fe61c6
AUD00331,C0331,Song_031,Indie Label,750.0,750.0,0.0,NONE,2026-04-02T02:19:27.630616,f4c900c2a87d93381c3cf04b125443d63b8be51cf48e398aa7e21e1b8e3f3390
AUD00332,C0332,Song_032,A24,200.0,200.0,0.0,NONE,2026-04-02T02:19:27.630616,f33d25650ad34c544ec7c5f5f84b6c522ce6dd263c9f03517c92930c54930e4a
AUD00333,C0333,Song_033,Paramount,750.0,750.0,0.0,NONE,2026-04-02T02:19:27.630616,655da4be8d13df9cd8c5d9fd74076482ab447a7b87e65c0029b279bf9b956c01
AUD00334,C0334,Song_034,Lionsgate,750.0,750.0,0.0,NONE,2026-04-02T02:19:27.630616,db0bf700e12aecddad51c31e91dc991c26545efc1bd9b8166bb26d3f0ef66f00
AUD00335,C0335,Song_035,Universal,200.0,240.65,-40.65,OVERPAYMENT,2026-04-02T02:19:27.630616,5c54a10b8b1c44e49e1a009be9a41e54109ccea152a5c195d5a8b1939b452071
AUD00336,C0336,Song_036,Universal,200.0,200.0,0.0,NONE,2026-04-02T02:19:27.630616,6c888ab006f01111ea69fc041cc46d8f1cd8ae97c861b1803bc4f0ba527b10f9
AUD00337,C0337,Song_037,Indie Label,200.0,200.0,0.0,NONE,2026-04-02T02:19:27.630616,36dc1376e9c1e4c82c62fa4f150b435e4a7f9a4d2c9b9025edb62733e6623d71
AUD00338,C0338,Song_038,MGM,750.0,750.0,0.0,NONE,2026-04-02T02:19:27.630616,fd48035fa6d7e313d8b56c9d82e29fe1dbc93eabe37b6796387110dc896c127c
AUD00339,C0339,Song_039,Universal,200.0,200.0,0.0,NONE,2026-04-02T02:19:27.630616,6a4226aa019144552fba5b81b5461f9b91cc6f208379b251c13bd92c192fa97c
AUD00340,C0340,Song_040,Sony Music,750.0,750.0,0.0,NONE,2026-04-02T02:19:27.630616,ea7061a2d6187364368dd6ddec86c92548119a37303f362164e6c6285f1f4250
AUD00341,C0341,Song_041,Indie Label,750.0,750.0,0.0,NONE,2026-04-02T02:19:27.630616,6065db3a58681deafd16ef94eaa4e8f681ffdcbddcdd6e4ad31cd9074e93a9a2
AUD00342,C0342,Song_042,Netflix Originals,500.0,500.0,0.0,NONE,2026-04-02T02:19:27.630616,2a2552395c84ac2e31e1cb4267eac707ddf9234c4d8e195bf2d06b27e62c2d63
AUD00343,C0343,Song_043,Netflix Originals,500.0,500.0,0.0,NONE,2026-04-02T02:19:27.630616,932057114da0ec16c5ee593be994f6229e191953442333df7acb6db89bb0d3ac
AUD00344,C0344,Song_044,Paramount,200.0,200.0,0.0,NONE,2026-04-02T02:19:27.630616,87bd79a6e37bacfe43e895d98ad4d13e2b1d98de21c448f59d1b7be848e02525
AUD00345,C0345,Song_045,Warner Bros,200.0,200.0,0.0,NONE,2026-04-02T02:19:27.630616,19f65586f95467a6cb11fa68a982662aee06c24c03a5eaa4eabb180973e00391
AUD00346,C0346,Song_046,Indie Label,200.0,200.0,0.0,NONE,2026-04-02T02:19:27.630616,3b8813ce6ba8f6af044e6d14a68d6954ef37efff09e80039a9dc29a9cb029dc9
AUD00347,C0347,Song_047,Universal,200.0,200.0,0.0,NONE,2026-04-02T02:19:27.630616,94c611ef957aa792b1d43d9874fdf35e6bf0f0a1a5286159cd86ccc2fd005d05
AUD00348,C0348,Song_048,Disney,750.0,750.0,0.0,NONE,2026-04-02T02:19:27.630616,b43a34fcc1d819ef6c03c5435244612c72051923823efeeec444db21b328beab
AUD00349,C0349,Song_049,Disney,200.0,200.0,0.0,NONE,2026-04-02T02:19:27.630616,312e613c2ba44e4e9f8812c44ff72f62fdcf749fdcce9a6f5ce27c04715c4790
AUD00350,C0350,Song_050,Indie Label,200.0,200.0,0.0,NONE,2026-04-02T02:19:27.630616,2028b3658582dfb37673d505920a4ab63e7336bc94dfa43e956a17dc672a8eb3
AUD00351,C0351,Song_051,Netflix Originals,200.0,200.0,0.0,NONE,2026-04-02T02:19:27.630616,5882cdc88d3b9e80480d12b4416973f5be0726f1dcf326dce6140970330a7aa1
AUD00352,C0352,Song_052,MGM,500.0,123.4,376.6,UNDERPAYMENT,2026-04-02T02:19:27.630616,9dda7a7517adc35dcece6b179ea00a3e615eba922063f7f330d8e8c690586f36
AUD00353,C0353,Song_053,A24,200.0,200.0,0.0,NONE,2026-04-02T02:19:27.630616,320f057c370a6775b60d0d0dc9f76ef5f7f05dc977aa7eba384f30bfb6ab064e
AUD00354,C0354,Song_054,Sony Music,200.0,200.0,0.0,NONE,2026-04-02T02:19:27.630616,50d22d84462f64e03698bffde55ea862c70c6cb54fefb5073e60efff1a0e17f4
AUD00355,C0355,Song_055,Paramount,750.0,750.0,0.0,NONE,2026-04-02T02:19:27.630616,e81904236b64462039a9572813e6ab8f5503e4618ca68dd534c7af2f23c9662d
AUD00356,C0356,Song_056,Disney,200.0,200.0,0.0,NONE,2026-04-02T02:19:27.630616,7ebfab6d7f02ee712dc3178b2060833752b4c47f6e82b01da0cb5de7df4ec3fd
AUD00357,C0357,Song_057,Netflix Originals,500.0,500.0,0.0,NONE,2026-04-02T02:19:27.630616,b2a5dc95d17ad9e67d175a917064904609cc553c1385e341dfcf70503acb4397
AUD00358,C0358,Song_058,A24,200.0,200.0,0.0,NONE,2026-04-02T02:19:27.630616,9af8c263f42fc62bf76fcd3ee2698d6fe9815a692543df6a1b6dbdf3ecb13957
AUD00359,C0359,Song_059,Warner Bros,750.0,750.0,0.0,NONE,2026-04-02T02:19:27.630616,d8115394fd71e3b8dd06aab63052acc3ce71da6216c24fa3a34f9126590ccba6
AUD00360,C0360,Song_060,Indie Label,750.0,750.0,0.0,NONE,2026-04-02T02:19:27.630616,32d8af718f645115256908ca3378a6b04b6e8d2a76f55c0e14c33823f179d345
AUD00361,C0361,Song_061,Disney,750.0,750.0,0.0,NONE,2026-04-02T02:19:27.630616,10681bf46f63d1177992d18dd083a24041d984189947aaf8947c0a6ae1c79f43
AUD00362,C0362,Song_062,Disney,500.0,500.0,0.0,NONE,2026-04-02T02:19:27.630616,b66ed7e08ae0b6879e7d91357a91582a18e7296ac3703dbc66af0509b2bb0cea
AUD00363,C0363,Song_063,Sony Music,200.0,200.0,0.0,NONE,2026-04-02T02:19:27.630616,6d72eacfb3a33a721b266b8b9a605198190130279dedf0955245eb75e25d7e10
AUD00364,C0364,Song_064,Lionsgate,500.0,500.0,0.0,NONE,2026-04-02T02:19:27.630616,a524bd1aa6ad459b7696a2c3c284760fc9cac96ede8f9fbc1eddd43d9df18919
AUD00365,C0365,Song_065,Universal,500.0,500.0,0.0,NONE,2026-04-02T02:19:27.630616,13c7a8d19f590865b8e1eff6476280dbcd8a21216de2a3590d37ac41289ab738
AUD00366,C0366,Song_066,MGM,500.0,500.0,0.0,NONE,2026-04-02T02:19:27.630616,23ea13a2d62517ddc75b68aea2df051926a7072e24657b408f052d5ed27b01b0
AUD00367,C0367,Song_067,Netflix Originals,750.0,750.0,0.0,NONE,2026-04-02T02:19:27.630616,28c56aea4dde9102bb9f2a448d7c9d7d587391c563421d817bece3122c8bc670
AUD00368,C0368,Song_068,Warner Bros,500.0,500.0,0.0,NONE,2026-04-02T02:19:27.630616,516966b9d882dc344378eddefdfd7b3d0f5c8f4d4ae3d014dbcb9a18bc635661
AUD00369,C0369,Song_069,Lionsgate,750.0,880.86,-130.86,OVERPAYMENT,2026-04-02T02:19:27.630616,1ab66f0b4892118339b6aa8a4637d92044a8973b899368d0853005598bb2e8a4
AUD00370,C0370,Song_070,Netflix Originals,750.0,750.0,0.0,NONE,2026-04-02T02:19:27.630616,c1ac5b90f2cc94ea20ca19d9615b56185435f8fa480ede0f91862d7ccc1c290e
AUD00371,C0371,Song_071,Disney,500.0,88.3,411.7,UNDERPAYMENT,2026-04-02T02:19:27.630616,402fe869b72cd41f5a2622c974c55b7303d3ce03a941d28b28a1d3f029f895ae
AUD00372,C0372,Song_072,Universal,500.0,500.0,0.0,NONE,2026-04-02T02:19:27.630616,a5075b521ec75fffe24d38eb02cd1fd121e0fd62d9cf621ff056a344f96111e1
AUD00373,C0373,Song_073,Netflix Originals,200.0,248.29,-48.29,OVERPAYMENT,2026-04-02T02:19:27.630616,597ebaea0d4b909e998536fe09c22f3774fd6a283c5250ed7fb094b7044957b6
AUD00374,C0374,Song_074,Warner Bros,750.0,750.0,0.0,NONE,2026-04-02T02:19:27.630616,f1e248e5b05f83973e4e5b08244902c4af8f348a841dda0fa3f52c738dd258f5
AUD00375,C0375,Song_075,Indie Label,500.0,500.0,0.0,NONE,2026-04-02T02:19:27.630616,53885d3b05a4f75115ced33d1e695f3f8ecef91c24ccbe28331530dc6ecb2e0e
AUD00376,C0376,Song_076,Warner Bros,750.0,750.0,0.0,NONE,2026-04-02T02:19:27.630616,e15a766ed1b844a542754a971e5f1ca7e8213fa9dedad5e26941a4fdeb96c5a2
AUD00377,C0377,Song_077,Lionsgate,500.0,551.68,-51.68,OVERPAYMENT,2026-04-02T02:19:27.630616,cc1278341cfe86ce8cee9dbc114d16a01beabd22952d60e14972a7efe9dea8a3
AUD00378,C0378,Song_078,Indie Label,200.0,200.0,0.0,NONE,2026-04-02T02:19:27.630616,2d86c07dfba54dc99d884422f5ce9b4990a23438b680aa2cf72fd55f4e9847bf
AUD00379,C0379,Song_079,Netflix Originals,750.0,750.0,0.0,NONE,2026-04-02T02:19:27.630616,0e300c4527f5b79e05ac9cd7ade140eea9406d81bcd99826425976b42030b58b
AUD00380,C0380,Song_080,Disney,200.0,200.0,0.0,NONE,2026-04-02T02:19:27.630616,8dbcc3e266a8f45f2504399f00706d06389e4b20e2f54daa6150f15a1a7ccedd
AUD00381,C0381,Song_081,Universal,500.0,500.0,0.0,NONE,2026-04-02T02:19:27.630616,d4bc69e641bea1cef7b39011409601dcbd97f8edc163c3530d9ce836d9e1fc63
AUD00382,C0382,Song_082,Paramount,750.0,750.0,0.0,NONE,2026-04-02T02:19:27.630616,092f0a4f2f4e78b7564968af0bb830822bf34de54fc3c5c8826bc3aba26cdc82
AUD00383,C0383,Song_083,Netflix Originals,750.0,750.0,0.0,NONE,2026-04-02T02:19:27.630616,f6343c290e375dae43ba7845200d5f1179142d725190e8bb665e965171d2b156
AUD00384,C0384,Song_084,A24,200.0,200.0,0.0,NONE,2026-04-02T02:19:27.630616,852611169b96694050889bfa6c538b52fb4a1d797032c1a11583f3bc8b0958a3
AUD00385,C0385,Song_085,Warner Bros,200.0,200.0,0.0,NONE,2026-04-02T02:19:27.630616,a71b0da41211799733c5d977a2ef3b5a0fffea038c9fe3b5e4c02cc562c6ec7b
AUD00386,C0386,Song_086,Universal,200.0,200.0,0.0,NONE,2026-04-02T02:19:27.630616,a8cef7313d527d2ecd37383c277bd637ac21dff783ff7482a19232bba00dd546
AUD00387,C0387,Song_087,Sony Music,200.0,200.0,0.0,NONE,2026-04-02T02:19:27.630616,22ffc8505fb7e6af9c488873f6338fef0ba2c7cbc1dfcbf51859765ed5b1b9db
AUD00388,C0388,Song_088,Indie Label,750.0,750.0,0.0,NONE,2026-04-02T02:19:27.630616,c3c8b7fa8b6f7ec6b2d5686e8dd7e4e3ace6deb8ccef0c82d14df5076801591b
AUD00389,C0389,Song_089,Paramount,200.0,200.0,0.0,NONE,2026-04-02T02:19:27.630616,00233c1c9e431db24679a7e26c47e9ef04a7def693e3f90f0066c00a97fe5515
AUD00390,C0390,Song_090,Lionsgate,500.0,500.0,0.0,NONE,2026-04-02T02:19:27.630616,1623688d5116b566e2900813ab6a61177bd4491eb0b611aeff7e827b9983dc62
AUD00391,C0391,Song_091,Lionsgate,200.0,200.0,0.0,NONE,2026-04-02T02:19:27.630616,add7585e7da436e157a233ec45b30c5f89b9a4272bdd939acfb30730e5b66920
AUD00392,C0392,Song_092,Netflix Originals,500.0,500.0,0.0,NONE,2026-04-02T02:19:27.630616,7bccc6ebfc57ed0d85ba255c5a5ae21f4e8a4e5d11292905973f02bc6a0e3ae4
AUD00393,C0393,Song_093,Warner Bros,200.0,200.0,0.0,NONE,2026-04-02T02:19:27.630616,ca6a3d0542598a60f5bab9a9ca01ab3f7485e527ddf2fc6b6377ce144fb049f6
AUD00394,C0394,Song_094,Disney,200.0,28.0,172.0,UNDERPAYMENT,2026-04-02T02:19:27.630616,2f2ce74447ba4522c683cc073d3a4d28f34a2088e7eb7497421f85b5c573991f
AUD00395,C0395,Song_095,Warner Bros,750.0,750.0,0.0,NONE,2026-04-02T02:19:27.630616,b24c71c2c892ac6b27fcc44bd4dbe736f0774dc2fd3cdd67f44b837df8c1cfdb
AUD00396,C0396,Song_096,Sony Music,500.0,500.0,0.0,NONE,2026-04-02T02:19:27.630616,6b92dcd2ff3c744e97fb951d24722c46a3b9b34255fef9e0dbab42f1a4733783
AUD00397,C0397,Song_097,Netflix Originals,200.0,200.0,0.0,NONE,2026-04-02T02:19:27.630616,30825a6fc94df7f27d4ac2700349ee7ca1219a683c4368d787372f167471f73b
AUD00398,C0398,Song_098,Warner Bros,750.0,750.0,0.0,NONE,2026-04-02T02:19:27.630616,612969c59a04a80c34d9a29445dfbeec64a90d421b6679888533ed6fe08fab7f
AUD00399,C0399,Song_099,MGM,500.0,500.0,0.0,NONE,2026-04-02T02:19:27.630616,f44613fa8e5c9e1a246ca360a4e6c3a96406568a54320d7526c40f3a7a7a0aba
AUD00400,C0400,Song_100,Sony Music,500.0,500.0,0.0,NONE,2026-04-02T02:19:27.630616,fa883f7d19baa331985daed52c838555e47b8a0dc4d4863d0ff94ab95158af67
AUD00401,C0401,Song_101,Netflix Originals,750.0,750.0,0.0,NONE,2026-04-02T02:19:27.630616,135dbe25ad5bd2a3d06dc30dd92d29b47e36fc3e72df8b06c06766a79b0b028c
AUD00402,C0402,Song_102,Lionsgate,500.0,500.0,0.0,NONE,2026-04-02T02:19:27.630616,3fe5df9cd9538937d1c9451888cc173efa7526b3b5fac68478c769156fa98b14
AUD00403,C0403,Song_103,Paramount,200.0,200.0,0.0,NONE,2026-04-02T02:19:27.630616,2f19bc1810ee5cac98063f949e746fb824f091a3726d5d711b261573d6b25d3c
AUD00404,C0404,Song_104,MGM,500.0,500.0,0.0,NONE,2026-04-02T02:19:27.630616,935b31f8ad1bbfbc6e2e06a20f7042645956d38197a42cb456da8dba0d990bb1
AUD00405,C0405,Song_105,A24,200.0,200.0,0.0,NONE,2026-04-02T02:19:27.630616,413f6681e3e4e925ca3eab7e7805129fa075fd5243048b05a8ff082fdd3b7cf9
AUD00406,C0406,Song_106,Universal,750.0,750.0,0.0,NONE,2026-04-02T02:19:27.630616,a493b7243a421183d6a0654c9d8c808d7cb63a371701309cb9f0dbfc77203505
AUD00407,C0407,Song_107,Universal,750.0,750.0,0.0,NONE,2026-04-02T02:19:27.630616,de47044e86fa0be7709e042d3ee47cacc013a6a5332069001987d30b1cfe6502
AUD00408,C0408,Song_108,Sony Music,500.0,500.0,0.0,NONE,2026-04-02T02:19:27.630616,1a19c2ecfcde4841b99c80175ecf7e8809c0b63fbb0d63cc7788109dcdda30a9
AUD00409,C0409,Song_109,MGM,200.0,200.0,0.0,NONE,2026-04-02T02:19:27.630616,b398314f89ae482d33b92a19c9006e5c1b87c65e6d825e449f25ba07aeb2a51b
AUD00410,C0410,Song_110,Warner Bros,200.0,200.0,0.0,NONE,2026-04-02T02:19:27.630616,fd60b80d88b8e74b56722ffc87a298f64ebf4ba3707ea4a02dcadd31299fadbf
AUD00411,C0411,Song_111,Universal,500.0,500.0,0.0,NONE,2026-04-02T02:19:27.630616,65fedc316a1deee0affb5d172af2c6eb0b4388f3e69a158d58c33fb284525402
AUD00412,C0412,Song_112,Indie Label,500.0,500.0,0.0,NONE,2026-04-02T02:19:27.630616,defc08df179647cbc23317c7bc1acdd0ceee7360d2227290e0dfd0c07e11acbb
AUD00413,C0413,Song_113,Lionsgate,500.0,500.0,0.0,NONE,2026-04-02T02:19:27.630616,0c222ffe3d0c6b8e884edc320308007fce8ef74e2a1350334d1de46b2117859a
AUD00414,C0414,Song_114,A24,200.0,200.0,0.0,NONE,2026-04-02T02:19:27.630616,d5690f37be983189d8d7d7d7165eb7d4147305d920980548ccd7efa37e2532ea
AUD00415,C0415,Song_115,A24,200.0,200.0,0.0,NONE,2026-04-02T02:19:27.630616,21255466d24574a1f25631995994dc64693983061d14d1b27d45109ec14f62ad
AUD00416,C0416,Song_116,Universal,500.0,500.0,0.0,NONE,2026-04-02T02:19:27.630616,4d3def0d2b8533c659a25193f3dd306605f75d7a1922aed8441d16d65e2f70a1
AUD00417,C0417,Song_117,Sony Music,500.0,500.0,0.0,NONE,2026-04-02T02:19:27.630616,369820709a7cbc353204a0f572ec0ba27df288877fb1835365ca5671da7951d7
AUD00418,C0418,Song_118,Disney,200.0,200.0,0.0,NONE,2026-04-02T02:19:27.630616,705ad2376772fba3c1f27e17374de6dde0bfa883d489a8216d29b70c2e3218e2
AUD00419,C0419,Song_119,Lionsgate,200.0,200.0,0.0,NONE,2026-04-02T02:19:27.630616,ce2b5902bfb3793f9eaf2d9a6696c5864a1550def3ee5da2674481379d2deb9a
AUD00420,C0420,Song_120,Lionsgate,750.0,750.0,0.0,NONE,2026-04-02T02:19:27.630616,33e3bf1c1b49097673a27a0fe3e90a9839ce9ade74ac602961eb99044794c234
AUD00421,C0421,Song_121,Warner Bros,750.0,750.0,0.0,NONE,2026-04-02T02:19:27.630616,d6007ee295e7a4a4dbc23bec36aff19c2814b2feb20163cdd755323ec50704d0
AUD00422,C0422,Song_122,Sony Music,200.0,-79.2,279.2,TERRITORY_VIOLATION,2026-04-02T02:19:27.630616,5a999fde00f57492723bdace91eee3cac752003113fa5bcf40f9313e6f12601d
AUD00423,C0423,Song_123,Indie Label,200.0,200.0,0.0,NONE,2026-04-02T02:19:27.630616,1ffc218d747963143dead14158f8e3c0342aaca675ec6e99a1ec73a6a0da53e4
AUD00424,C0424,Song_124,Universal,500.0,500.0,0.0,NONE,2026-04-02T02:19:27.630616,1737010e39b0887298765cb1deda2dfdc93dcacbcd61048411dc096b9c299bc0
AUD00425,C0425,Song_125,Warner Bros,750.0,750.0,0.0,NONE,2026-04-02T02:19:27.630616,fe5ac4fbb65c54ef3e2c3dfa82bfd3606966195ac0677cbdebee170ae336afc2
AUD00426,C0426,Song_126,MGM,200.0,200.0,0.0,NONE,2026-04-02T02:19:27.630616,9561cb801a57390b34922b33775499b285ba7fe478645bb3c8dda08ab3c2969d
AUD00427,C0427,Song_127,Indie Label,500.0,500.0,0.0,NONE,2026-04-02T02:19:27.630616,c54f7510ffa89a0144e73dcb8ffd410fe647dc08edb4b7e18f546ebfbe5e4c44
AUD00428,C0428,Song_128,Sony Music,750.0,750.0,0.0,NONE,2026-04-02T02:19:27.630616,9ec7a2f38f988294b615bab8a7faf15d41c4a872f22722055bd21814c8c5cf21
AUD00429,C0429,Song_129,Disney,500.0,500.0,0.0,NONE,2026-04-02T02:19:27.630616,716c27cc17fac1e062419cc5dc5e9ae11accdb344ef89794852788fc7efc5f54
AUD00430,C0430,Song_130,Paramount,750.0,856.51,-106.51,OVERPAYMENT,2026-04-02T02:19:27.630616,983c4f8f89ea562e318c018f2bba4552b189d461a37f31125fdc5dc5960fa8d7
AUD00431,C0431,Song_131,Netflix Originals,750.0,750.0,0.0,NONE,2026-04-02T02:19:27.630616,ccbc16cec7f7ea55015a49325196ab9be9a2e313677956f7e78605ca93d050c9
AUD00432,C0432,Song_132,Indie Label,500.0,500.0,0.0,NONE,2026-04-02T02:19:27.630616,a39818e4ef39fd43e469475f48f2ea66152504a8d2ee5ea990d7d1f05fc25e51
AUD00433,C0433,Song_133,Lionsgate,750.0,750.0,0.0,NONE,2026-04-02T02:19:27.630616,64152f000f6a8a7e98d1949538b5609617b09dd64a156a474a1de59ba761891e
AUD00434,C0434,Song_134,Warner Bros,200.0,200.0,0.0,NONE,2026-04-02T02:19:27.630616,cdddaebd33f9d4f7da139e72c9f6727fcddf843813e83a4bdb98011690368f05
AUD00435,C0435,Song_135,Lionsgate,750.0,750.0,0.0,NONE,2026-04-02T02:19:27.630616,37686ec7f76757b03c09226490aee1c06b64601495b148e5f5e95f05c5e5269b
AUD00436,C0436,Song_136,A24,500.0,500.0,0.0,NONE,2026-04-02T02:19:27.630616,ce4e161f2a3b375a7c1d58f35a4d622fce40d7b098b018269fd7372b1fd0e371
AUD00437,C0437,Song_137,Sony Music,200.0,200.0,0.0,NONE,2026-04-02T02:19:27.630616,88ebde23544084febac26a8568c158df34e5e4b4f502df2a042d0170c58505a6
AUD00438,C0438,Song_138,Warner Bros,200.0,254.09,-54.09,OVERPAYMENT,2026-04-02T02:19:27.630616,a0e8068811351cc07dedb08066d188698894a4e40bf62b3b0af64541018a548f
AUD00439,C0439,Song_139,Paramount,750.0,750.0,0.0,NONE,2026-04-02T02:19:27.630616,d4da7ac3e91aa1fe7151b7e1852b4158c6983fd89e3d50fa9b7eaaf606d9fd98
AUD00440,C0440,Song_140,Netflix Originals,500.0,500.0,0.0,NONE,2026-04-02T02:19:27.630616,d0701cecac338d8147fef067d85a18ef2e2b3bfa6c692753eb9e4824677601cd
AUD00441,C0441,Song_141,Universal,500.0,500.0,0.0,NONE,2026-04-02T02:19:27.630616,21b451cd381133e8e55a58fc18def2ee7160a9bdff1a8395e6159a2df18c14b3
AUD00442,C0442,Song_142,Universal,750.0,750.0,0.0,NONE,2026-04-02T02:19:27.630616,1d78fb4e3128b0cd8484c9f3ba3b989f3feb8c9560b0804c9f5180a6794c5a6a
AUD00443,C0443,Song_143,Paramount,200.0,200.0,0.0,NONE,2026-04-02T02:19:27.630616,74adc2f11e46630746eade542bfc489f761fcaa92de2635fdbc8d95a8846c432
AUD00444,C0444,Song_144,Warner Bros,500.0,500.0,0.0,NONE,2026-04-02T02:19:27.630616,4bb6951ca4a2b1a598f05d6c4a5eced1767b1e076c868c91fff329f52550c958
AUD00445,C0445,Song_145,MGM,750.0,750.0,0.0,NONE,2026-04-02T02:19:27.630616,40eabf2bece297f3add252d923a2f5a046a2fa31506e98fbc362373026c69849
AUD00446,C0446,Song_146,Netflix Originals,750.0,750.0,0.0,NONE,2026-04-02T02:19:27.630616,d56382ffd16b22e3d71a09239294e39a4b670bbd2b6457e874bc0ee48d9f8547
AUD00447,C0447,Song_147,Paramount,200.0,200.0,0.0,NONE,2026-04-02T02:19:27.630616,be7bfa01642ceb81ba773a1976570ae6f7bd23df2a312f20495732f78dec8c36
AUD00448,C0448,Song_148,Paramount,500.0,500.0,0.0,NONE,2026-04-02T02:19:27.630616,5f31c9ae24cc17732d8fad94373e1f21575c86a5fded40cc26de23fcbe8711ba
AUD00449,C0449,Song_149,Warner Bros,750.0,750.0,0.0,NONE,2026-04-02T02:19:27.630616,2d1bda8da0b9ec95e225f78fa019bdff2c2756518a6c63b7d68c8234957f0627
AUD00450,C0450,Song_150,Indie Label,200.0,200.0,0.0,NONE,2026-04-02T02:19:27.630616,a7f86916e6de41b264d74fbf3c73b600a4dfd2e34899cff45a37cb83e1c1c985
AUD00451,C0451,Song_151,MGM,200.0,200.0,0.0,NONE,2026-04-02T02:19:27.630616,abc0234bdd44ad9f0a63e3736440eea449b0acb2a5f2ec37c4fa72e80c867e9a
AUD00452,C0452,Song_152,Sony Music,200.0,200.0,0.0,NONE,2026-04-02T02:19:27.630616,62aad1483351e5d4f587e120e8445480aedd30b034bf8ce47aabdcddc7214541
AUD00453,C0453,Song_153,Sony Music,200.0,200.0,0.0,NONE,2026-04-02T02:19:27.630616,72979fc4db0abfdaf606282d9ded00f14dc157cfea8814b8a7dc17e6177166fb
AUD00454,C0454,Song_154,Indie Label,200.0,97.58,102.42,UNDERPAYMENT,2026-04-02T02:19:27.630616,9b6e383f4e09169dbfb6113b3466df1d4b83dca59179c07b5750867381e5b333
AUD00455,C0455,Song_155,Lionsgate,200.0,238.94,-38.94,OVERPAYMENT,2026-04-02T02:19:27.630616,51d8bf79e56fc0928fdef8cce1883e3b6e615f8dd8530238d17717d71b43978b
AUD00456,C0456,Song_156,Sony Music,750.0,750.0,0.0,NONE,2026-04-02T02:19:27.630616,f69e76eec01f9dd5346e73b330f20ad8a1e5bcc7579b11d36b7bbdccbd22d23b
AUD00457,C0457,Song_157,Paramount,750.0,750.0,0.0,NONE,2026-04-02T02:19:27.630616,864708842abd8ee0052c73277bb57a7a4d3f9e9f031d1c3bd99602875fd511f9
AUD00458,C0458,Song_158,Netflix Originals,500.0,500.0,0.0,NONE,2026-04-02T02:19:27.630616,3f38e4a1f882a8a0699fdca4d61f9db265c26f80e6e670a726657903b0b9009e
AUD00459,C0459,Song_159,Indie Label,750.0,750.0,0.0,NONE,2026-04-02T02:19:27.630616,121175e7c87dad4ddd699083552f440dd3b7c14e034db167e24a9fe25c1a71ba
AUD00460,C0460,Song_160,Netflix Originals,500.0,500.0,0.0,NONE,2026-04-02T02:19:27.630616,038fd581a7f0f80cb5445f98dae4bd617dbe887e5603a5de9208532d17bde67e
AUD00461,C0461,Song_161,Warner Bros,200.0,200.0,0.0,NONE,2026-04-02T02:19:27.630616,7bce69dd0e9b949c990528c22df28a709547ca2b510f669111d5a7d039455d70
AUD00462,C0462,Song_162,Lionsgate,200.0,200.0,0.0,NONE,2026-04-02T02:19:27.630616,f104779011ca3f967181f4628a0e5f9e26df7ffd1ccb326d97275773144627c2
AUD00463,C0463,Song_163,Lionsgate,750.0,963.68,-213.68,OVERPAYMENT,2026-04-02T02:19:27.630616,31885eff5257ad744d9f55d60c5222145fa142871405b0fc414b2b701f16e396
AUD00464,C0464,Song_164,Paramount,500.0,500.0,0.0,NONE,2026-04-02T02:19:27.630616,3333a94ee02beeee39b0a89a3ce07c4b9f494c32975376834684d8589753ec13
AUD00465,C0465,Song_165,Disney,500.0,500.0,0.0,NONE,2026-04-02T02:19:27.630616,6722460885c0e603139144c013dc13463a6e7eff6efb8e794e80eaccbf0321b5
AUD00466,C0466,Song_166,A24,200.0,200.0,0.0,NONE,2026-04-02T02:19:27.630616,bd8ce8e142f9f87f6116f2bf6161907000257253b98e356c3688f7c80c34bb2a
AUD00467,C0467,Song_167,Sony Music,200.0,200.0,0.0,NONE,2026-04-02T02:19:27.630616,bc5dda9f145fe5ae581fa0081cc37cd9c501096c8723c31effe060a0ecf88fdb
AUD00468,C0468,Song_168,Paramount,200.0,200.0,0.0,NONE,2026-04-02T02:19:27.630616,c2b9aae2c6e1a70396abce2b60a86749e73d9315cfb1dda46578f74f298d34d0
AUD00469,C0469,Song_169,Netflix Originals,200.0,200.0,0.0,NONE,2026-04-02T02:19:27.630616,93a71c3f0850cfa44d6adc4d6d96105a6ec94b42c318de56d177f854f87811cb
AUD00470,C0470,Song_170,Sony Music,750.0,750.0,0.0,NONE,2026-04-02T02:19:27.630616,2f2dfaf618d8e5de5c7dbb52ebf0a72c89a45906ff5d20ff6ba783df8f5e85af
AUD00471,C0471,Song_171,Indie Label,500.0,500.0,0.0,NONE,2026-04-02T02:19:27.630616,f4e5b263070f360c12572bd2f998f3ec529bd13794518c04fe278077a0b975da
AUD00472,C0472,Song_172,Sony Music,750.0,750.0,0.0,NONE,2026-04-02T02:19:27.630616,81c3ce13b919dfc549e7607e8addada350ceca225b28a82331271419415f50fc
AUD00473,C0473,Song_173,MGM,750.0,-1983.71,2733.71,EXPIRED_LICENSE,2026-04-02T02:19:27.630616,ea77d89676df22a2c03b27cf470ed05bc523b244975ff467c916ec748edcda51
AUD00474,C0474,Song_174,Sony Music,200.0,227.3,-27.3,OVERPAYMENT,2026-04-02T02:19:27.630616,dcc7d06a0ae6615fba0b20424821dd461d4cf07d7257bbd4a0b3239f5326a087
AUD00475,C0475,Song_175,Warner Bros,750.0,750.0,0.0,NONE,2026-04-02T02:19:27.630616,10c8620f398a1cf8648aa9f77a1e8778809da18b551a2d9300780d53d83a9ba3
AUD00476,C0476,Song_176,Netflix Originals,750.0,750.0,0.0,NONE,2026-04-02T02:19:27.630616,bdad1d829ffee66697c74685417553817131122fdc099a6c58f5b0d42e824dfa
AUD00477,C0477,Song_177,Netflix Originals,500.0,119.83,380.17,UNDERPAYMENT,2026-04-02T02:19:27.630616,8889c1b7fd1ebe9caa508f51df72e09bad4eae9329acfdbc50a9e50b1cdddf05
AUD00478,C0478,Song_178,Lionsgate,200.0,200.0,0.0,NONE,2026-04-02T02:19:27.630616,1a3f67ded49d1fbf2a57f5fbb8c8743ccc278fe84ccd74cc48b6e36d47c977a6
AUD00479,C0479,Song_179,Warner Bros,750.0,750.0,0.0,NONE,2026-04-02T02:19:27.630616,eec51db13e969557faa2540669c9515744ab4c47de08de6843c0a3a6dbef740e
AUD00480,C0480,Song_180,MGM,500.0,500.0,0.0,NONE,2026-04-02T02:19:27.630616,0d27d28a9dd7c12e6ecf712a3d2598c15707381eea79f4fed8f761b1d9922c68
AUD00481,C0481,Song_181,Indie Label,750.0,750.0,0.0,NONE,2026-04-02T02:19:27.630616,37f555ce4a1e269171d14cf83240daae0a6fda3840272e6d6726f8e62952313a
AUD00482,C0482,Song_182,A24,200.0,200.0,0.0,NONE,2026-04-02T02:19:27.630616,151236fd535de253902ac8384982bf2fc8490cfd63efb00ec5fb18b678be9be2
AUD00483,C0483,Song_183,MGM,500.0,500.0,0.0,NONE,2026-04-02T02:19:27.630616,0d7a4a5016c934cf4711077f6ca907dbaf98d609302e0c9ab59a3890c66c7646
AUD00484,C0484,Song_184,Warner Bros,500.0,500.0,0.0,NONE,2026-04-02T02:19:27.630616,eb79a9aec39cb33b51325c9d3448bed127dd88bd481e8407e4f9dccddd74acd2
AUD00485,C0485,Song_185,Sony Music,750.0,750.0,0.0,NONE,2026-04-02T02:19:27.630616,336f70218dee2c6c595f123a39e668f269f5af4c97e81d6baa4aa42261eed813
AUD00486,C0486,Song_186,Universal,200.0,200.0,0.0,NONE,2026-04-02T02:19:27.630616,9661912940c5b3b013ac458f99bdeaef0fe48c96b951e81ab97c5f1b7fc2460d
AUD00487,C0487,Song_187,MGM,500.0,-1322.47,1822.47,EXPIRED_LICENSE,2026-04-02T02:19:27.630616,21b740d1d08f9b7b0795d980f2cc86fd288d70b557c0b8fa32a9d4e063dc0ddd
AUD00488,C0488,Song_188,Lionsgate,500.0,500.0,0.0,NONE,2026-04-02T02:19:27.630616,e8cf3ec52eb8ed306ec9a6669f2a6724d2d0b3e06cdc86d4c3c0ebc1f85a1943
AUD00489,C0489,Song_189,Sony Music,750.0,750.0,0.0,NONE,2026-04-02T02:19:27.630616,37e8da52037e52f8bb5919cfa7abcb8a61da40e9a877260da9845f60af9ac431
AUD00490,C0490,Song_190,Netflix Originals,500.0,500.0,0.0,NONE,2026-04-02T02:19:27.630616,aa8726c69fff52776f4cc3da1807a1aa159f18a951a47ec9a73a66cd9acad9a8
AUD00491,C0491,Song_191,Paramount,200.0,200.0,0.0,NONE,2026-04-02T02:19:27.630616,48ff84b719d8b52ffd105cc46c45f2aba90d22e4e2c1a5e695baba9b37d4497a
AUD00492,C0492,Song_192,Netflix Originals,750.0,855.89,-105.89,OVERPAYMENT,2026-04-02T02:19:27.630616,0df16fb3d0141a0d8de5c777f14b925d4e753a1cd095c1b2b379c8d226da1ea9
AUD00493,C0493,Song_193,Netflix Originals,750.0,750.0,0.0,NONE,2026-04-02T02:19:27.630616,79516fb0cdf08f05d757a6d10882ab263c116fc62ffdc32f0f7f2fb3de8d82a6
AUD00494,C0494,Song_194,Universal,500.0,500.0,0.0,NONE,2026-04-02T02:19:27.630616,e3353816f4c6db41f1edcce0803e7aa472ca24acb9e84969137fc76da06ad67b
AUD00495,C0495,Song_195,Lionsgate,200.0,200.0,0.0,NONE,2026-04-02T02:19:27.630616,e909c42fd437405157a3626af3694504e478fc5877c944a285b059d6333e81e2
AUD00496,C0496,Song_196,Warner Bros,500.0,500.0,0.0,NONE,2026-04-02T02:19:27.630616,5e891ed3f4915158548dd490d81f63b5342baccc573b0d72b00e611a293768b9
AUD00497,C0497,Song_197,Paramount,200.0,200.0,0.0,NONE,2026-04-02T02:19:27.630616,848fcf8579e86495b5eddc4eacbe228d76287e0a2a93a6b4b00d6f1aa1a9b3c6
AUD00498,C0498,Song_198,Lionsgate,750.0,750.0,0.0,NONE,2026-04-02T02:19:27.630616,e13680eebc75b68a018d9eca421fac956e990770a5e3de5f2152c23d9942d1af
AUD00499,C0499,Song_199,Paramount,500.0,500.0,0.0,NONE,2026-04-02T02:19:27.630616,24bcc04d8c910578d6ed823575551c2bc201d9f4fd45944ad313b3d360e88f26
AUD00500,C0500,Song_200,Paramount,200.0,200.0,0.0,NONE,2026-04-02T02:19:27.630616,4e6483244f89ac4d9a88c319902ac1dc403cdf9ba5d38f7d492f1ddcbabb974a
AUD00501,C0501,Song_201,MGM,200.0,200.0,0.0,NONE,2026-04-02T02:19:27.630616,bfba01df38aff4652e5dc776d84c698ac9f8f8b771c5568554c70b2598f71b08
AUD00502,C0502,Song_202,Sony Music,500.0,500.0,0.0,NONE,2026-04-02T02:19:27.630616,022085777a8fb78ca79b17c1050f7c2188c9f0aef434f01bcccc6062613b509f
AUD00503,C0503,Song_203,MGM,500.0,500.0,0.0,NONE,2026-04-02T02:19:27.630616,1901c442d45c7d32e711ecb2d9d896cd2f17f1ce12cc172e894c28ec48ef244d
AUD00504,C0504,Song_204,MGM,750.0,750.0,0.0,NONE,2026-04-02T02:19:27.630616,b673a7c3558c1d66309b038f01d15298bf0d6ab18f5909a427263c91cc2d96e4
AUD00505,C0505,Song_205,Netflix Originals,500.0,500.0,0.0,NONE,2026-04-02T02:19:27.630616,8b33e4af03c8d7f9f11fa05668f9dd90a690162395ed29ae2cc13312af1a77de
AUD00506,C0506,Song_206,Sony Music,500.0,500.0,0.0,NONE,2026-04-02T02:19:27.630616,8bcd45e3b5c0bbd4d97f89706c2297ee4adc6570e6f57627b4103c9e8cef96e0
AUD00507,C0507,Song_207,Netflix Originals,750.0,750.0,0.0,NONE,2026-04-02T02:19:27.630616,9c541a3ed6111a527043f5b03b676e8033ffb0f17c10c167390d59769d07423c
AUD00508,C0508,Song_208,Disney,750.0,750.0,0.0,NONE,2026-04-02T02:19:27.630616,749a1bff6b6c825e00e0d3e62b1c22f78a580450e20f7b6df58a77f3ed80dbca
AUD00509,C0509,Song_209,Universal,750.0,750.0,0.0,NONE,2026-04-02T02:19:27.630616,38bbba307f65fcaea735e29dd8023273d9c9a4b9372cbe64f1671a5e9471df53
AUD00510,C0510,Song_210,Lionsgate,500.0,500.0,0.0,NONE,2026-04-02T02:19:27.630616,aaf1812fbc5dc8b17fe2ea1068b65ba2fb67c6e883c4800b0ac770b7fc21a941
AUD00511,C0511,Song_211,Sony Music,750.0,750.0,0.0,NONE,2026-04-02T02:19:27.630616,897ad4ac0b210fbfbb9dce74c4d3d9d441aa3e09bf3cd79f612f9ff1155b1e9b
AUD00512,C0512,Song_212,Disney,200.0,200.0,0.0,NONE,2026-04-02T02:19:27.630616,0f89c207a52201a5b655d33280f120403a53f8e0f50395c1e1008e66ee78e98a
AUD00513,C0513,Song_213,Sony Music,500.0,500.0,0.0,NONE,2026-04-02T02:19:27.630616,b75c78e9a0456af5367a75322034c1b8acb38993f59fc9ebeba50b3baf487cf1
AUD00514,C0514,Song_214,Lionsgate,500.0,625.77,-125.77,OVERPAYMENT,2026-04-02T02:19:27.630616,c48d56ba4e5ef501ad62a561655b32385232ff6366753973e7e3da824f4b1cdf
AUD00515,C0515,Song_215,Warner Bros,750.0,289.21,460.79,UNDERPAYMENT,2026-04-02T02:19:27.630616,95e9fa7b9097801a0cce113ca9d1dec0ea3c1051a9566d70ecc93a01cec2d89b
AUD00516,C0516,Song_216,Universal,200.0,200.0,0.0,NONE,2026-04-02T02:19:27.630616,db592176633b4d0627cf4acf4ceff5190804c6101bb4e8462368f4a887daf1e4
AUD00517,C0517,Song_217,A24,200.0,200.0,0.0,NONE,2026-04-02T02:19:27.630616,09c8cd4f4118e9e28a1ad6f45ca2ee406f59163c33ea00beaa3bba1b95f3f906
AUD00518,C0518,Song_218,Lionsgate,200.0,200.0,0.0,NONE,2026-04-02T02:19:27.630616,d9218dcf95b2090a58a38b75b66733954c911faf5c2685c59cd24b76a0b834b1
AUD00519,C0519,Song_219,Lionsgate,200.0,200.0,0.0,NONE,2026-04-02T02:19:27.630616,b4d1240057e7c662ddcf928dc67d3b5cc5182447b4677cb30aff62404bac38b2
AUD00520,C0520,Song_220,Paramount,750.0,750.0,0.0,NONE,2026-04-02T02:19:27.630616,e86c3ce9a4477cbb99ec681737b5a3ae2ff9a37eedfc3ac7fbd362ee75106911
AUD00521,C0521,Song_221,Sony Music,750.0,750.0,0.0,NONE,2026-04-02T02:19:27.633939,06b297c87ea03ccd671cd969748aaccd33b11d59b6e00e4af03cbfb2c9800717
AUD00522,C0522,Song_222,MGM,500.0,500.0,0.0,NONE,2026-04-02T02:19:27.633939,01914d52d876629df43aec3d25b1a8ed07802b591b943d88ac174898998ca59a
AUD00523,C0523,Song_223,Universal,500.0,500.0,0.0,NONE,2026-04-02T02:19:27.633939,75d282d537b098a885dcdc7bd0e96b16eb46832164b5629272c269d4a831acea
AUD00524,C0524,Song_224,Paramount,500.0,500.0,0.0,NONE,2026-04-02T02:19:27.633939,1b15781df11057e921aeeaa76b5995558540d016532a35f0860bb0dc50e707d5
AUD00525,C0525,Song_225,MGM,500.0,500.0,0.0,NONE,2026-04-02T02:19:27.633939,a5a5ae6bc77b8ecd22157cab3fa99ec39ff92dad52917670842289d9ca813fe8
AUD00526,C0526,Song_226,Disney,500.0,500.0,0.0,NONE,2026-04-02T02:19:27.633939,0f40ef86520f945dcb3f8e2d2596cd2266739c58fb875c3ea183d439970505ed
AUD00527,C0527,Song_227,A24,500.0,500.0,0.0,NONE,2026-04-02T02:19:27.633939,a9c89d6b5ada35dc81e23ed2161b882d176df323be380d31741cbcc54eab35b8
AUD00528,C0528,Song_228,Paramount,750.0,750.0,0.0,NONE,2026-04-02T02:19:27.633939,28a3acf5af5dfbda61d82b1b4b5f247fa2f83f727d427761f90243a1a7c8a572
AUD00529,C0529,Song_229,Lionsgate,750.0,750.0,0.0,NONE,2026-04-02T02:19:27.633939,c5a2a065e1dee5e995b27ebb15878c9b325002f6eda2c5b2524f7e9948f1bf86
AUD00530,C0530,Song_230,Lionsgate,500.0,500.0,0.0,NONE,2026-04-02T02:19:27.633939,11b233c06988f6ab194ada9a074a1e9ba1d89f5a3ab235dd63fa7b3c88f671bb
AUD00531,C0531,Song_231,MGM,200.0,200.0,0.0,NONE,2026-04-02T02:19:27.633939,2bc3baf96b145a43e1e3896e2ee967df5f2070f452dbd4323f1f7ea89fb13c7c
AUD00532,C0532,Song_232,Warner Bros,750.0,750.0,0.0,NONE,2026-04-02T02:19:27.633939,b15b403a90c118c47d7502bc8c7c2cd78caefef4818c1d1b3fd67a29f4f55416
AUD00533,C0533,Song_233,MGM,750.0,750.0,0.0,NONE,2026-04-02T02:19:27.633939,47ce50bf717c29fac4a0c5a918fee8a8f3884b73f455836a3c5821efb835eedb
AUD00534,C0534,Song_234,Disney,200.0,200.0,0.0,NONE,2026-04-02T02:19:27.633939,fedffc63f3a9396b6e255abb1834e71e354d527e0156a0e1b8b24afa1bdc68ce
AUD00535,C0535,Song_235,Indie Label,200.0,-229.52,429.52,TERRITORY_VIOLATION,2026-04-02T02:19:27.633939,10929ff6d218d99f87a59641e40dfc97a3495e8f831716f72c5676ba9ee18d95
AUD00536,C0536,Song_236,Paramount,750.0,750.0,0.0,NONE,2026-04-02T02:19:27.633939,15abd9dd25015b7ec093e10b97f2a1b6b68b473a241bd7eba80ce8e3a625e8e1
AUD00537,C0537,Song_237,MGM,750.0,750.0,0.0,NONE,2026-04-02T02:19:27.633939,d7ef0d11261e4f7523d6f232be5183f3a2bdcdae04d6387a8f33c339f840f37c
AUD00538,C0538,Song_238,Netflix Originals,750.0,318.91,431.09,UNDERPAYMENT,2026-04-02T02:19:27.633939,a1bc15c3df6689591b233189ee0abc57606fa1761eba32a8459c3f1d71b77b24
AUD00539,C0539,Song_239,Lionsgate,200.0,200.0,0.0,NONE,2026-04-02T02:19:27.633939,553d447bce95956d90ac617beb3ca7f60375adcff00b6e82ba04e6a732e89ad9
AUD00540,C0540,Song_240,Disney,750.0,750.0,0.0,NONE,2026-04-02T02:19:27.633939,743eae60cca1d53a24d5833280c26cad311debe1c8a8605f741c89648e9169fb
AUD00541,C0541,Song_241,Indie Label,200.0,200.0,0.0,NONE,2026-04-02T02:19:27.633939,864060bff93929d5501dd17d465b14f684440c02bdf67fd17bfc9d4dcfd494d6
AUD00542,C0542,Song_242,MGM,500.0,307.88,192.12,UNDERPAYMENT,2026-04-02T02:19:27.633939,37754e61c9f1937985eba6da2240d663ea33f3040575512ff6f80c0ac12eef35
AUD00543,C0543,Song_243,Warner Bros,750.0,750.0,0.0,NONE,2026-04-02T02:19:27.633939,a1d82ba28e0b3ca0f303e76c069678f8d3eb97ff021447b9afa452c258eb7ff2
AUD00544,C0544,Song_244,A24,200.0,200.0,0.0,NONE,2026-04-02T02:19:27.633939,7baa3d727bc23687777288c25b72f59bc0beece29a58b2f6812baa049fe4e543
AUD00545,C0545,Song_245,Sony Music,500.0,500.0,0.0,NONE,2026-04-02T02:19:27.633939,4a62781ac06ce4f26d58367a9a70a3af646d6712331d5e0d3209022bc8a6f6f5
AUD00546,C0546,Song_246,Universal,200.0,200.0,0.0,NONE,2026-04-02T02:19:27.633939,d8a75cd4a8206ea6be0eb9bf229b6b8d5d9eb990ed97c526fc524c9632f3431d
AUD00547,C0547,Song_247,Indie Label,200.0,200.0,0.0,NONE,2026-04-02T02:19:27.633939,3aea828fd070580a7d95c8add38f0e9e9c974b0846216c73e4971cc4990196a5
AUD00548,C0548,Song_248,Universal,200.0,200.0,0.0,NONE,2026-04-02T02:19:27.633939,9149d666835d35cd851fe713ed219a463c6e4f7b5a95ca310745ef3719f85c26
AUD00549,C0549,Song_249,Indie Label,200.0,200.0,0.0,NONE,2026-04-02T02:19:27.633939,270caf115b296283e2f2582edfbd5742a7dae3dffd45b50a5fd98a70f89e542b
AUD00550,C0550,Song_250,Indie Label,750.0,750.0,0.0,NONE,2026-04-02T02:19:27.633939,f8b1ecd026ae32ebd941cccc6e7e921ce48bc598955e3ce5b18183b6abb3cb6a
AUD00551,C0551,Song_251,Disney,500.0,500.0,0.0,NONE,2026-04-02T02:19:27.633939,d01e93327b683400d64ca0c14c65ae7c6afe5fcea15537a3817617c16cdcc2bb
AUD00552,C0552,Song_252,Warner Bros,750.0,750.0,0.0,NONE,2026-04-02T02:19:27.633939,27fe278c09377b3106e244f4c9d167f415f8adb7dddd1c5aefd15014a18d5ffc
AUD00553,C0553,Song_253,Netflix Originals,750.0,750.0,0.0,NONE,2026-04-02T02:19:27.633939,0a83652eebb444f6d98cbdbd51c1779655233c489f49dc4d4a1a1b1573a81063
AUD00554,C0554,Song_254,Netflix Originals,500.0,500.0,0.0,NONE,2026-04-02T02:19:27.633939,3fa90df2eb543eceab96e6d4033bf2627bc0eea9948e3a8f7665b2c11a2b28f4
AUD00555,C0555,Song_255,Sony Music,500.0,500.0,0.0,NONE,2026-04-02T02:19:27.633939,295b6a572b1462d506037753db24be649959e423dc6f34ce9043893164eab53f
AUD00556,C0556,Song_256,Sony Music,200.0,200.0,0.0,NONE,2026-04-02T02:19:27.633939,a0b3d256d059a953f6ffe6b6bf269fa68b99181c1faac79b7bc598e87fe7f2c1
AUD00557,C0557,Song_257,Universal,500.0,500.0,0.0,NONE,2026-04-02T02:19:27.633939,07abefdd1357579cfe31c1f486a1183c522c2e7872ee9ab47f42e122cb937d5e
AUD00558,C0558,Song_258,Warner Bros,500.0,500.0,0.0,NONE,2026-04-02T02:19:27.633939,9f2f5cfa4f3ec63291e35c0d0140f76548ce15214bdaeaee6a9eebe9dbefda7b
AUD00559,C0559,Song_259,Universal,500.0,500.0,0.0,NONE,2026-04-02T02:19:27.633939,c71a18ef5a6a6a72444f1d53df6546e16b5c0d32006213bf52cda47073596676
AUD00560,C0560,Song_260,Warner Bros,750.0,750.0,0.0,NONE,2026-04-02T02:19:27.633939,aec44ba3b6bc7a87bf0dcff15c0ebc2086887554d2023616fc00ae22405714a1
AUD00561,C0561,Song_261,Lionsgate,750.0,750.0,0.0,NONE,2026-04-02T02:19:27.633939,97d768750452ef8cd189a48c6e8d67ca1dbf614e8b9979b5d54327eba0cc6e17
AUD00562,C0562,Song_262,Netflix Originals,200.0,242.28,-42.28,OVERPAYMENT,2026-04-02T02:19:27.633939,d6b1002c5d210f4c161d74803ad5971dfcbfcee714e337a80f4f1141cdb5659e
AUD00563,C0563,Song_263,MGM,750.0,750.0,0.0,NONE,2026-04-02T02:19:27.633939,ffa87cf59d009b0ec749eeada3394cbf008a14d99d56fc6b71cb34c996a2a9bf
AUD00564,C0564,Song_264,Lionsgate,500.0,500.0,0.0,NONE,2026-04-02T02:19:27.633939,3ae1641352168283e18e1d5a7d32292959f8a1e0d5541ffbdb15fd04865ff60e
AUD00565,C0565,Song_265,Indie Label,200.0,200.0,0.0,NONE,2026-04-02T02:19:27.633939,d20f97bb95b5971296ac9d661624cdf33d2352d4834d841b06247dd7fbf09afa
AUD00566,C0566,Song_266,Netflix Originals,500.0,500.0,0.0,NONE,2026-04-02T02:19:27.633939,110a0becc9af884902535fcbd1bd75d0347a8d0d68aef6573b19140f689c7330
AUD00567,C0567,Song_267,MGM,500.0,500.0,0.0,NONE,2026-04-02T02:19:27.633939,467d9c4862a46c2897399b68155fac7894840b9fadf10e64f25e069dcf3cd9a3
AUD00568,C0568,Song_268,A24,500.0,500.0,0.0,NONE,2026-04-02T02:19:27.633939,7ab71b5e9f31abbfee1f35ac3b780f4dc0017f7eedbee4fc3954c84310d9dbbf
AUD00569,C0569,Song_269,Netflix Originals,750.0,750.0,0.0,NONE,2026-04-02T02:19:27.633939,b5bc92fdc70d53010eb4fa49444ecad612b2b1b0ce6f72b67ec51fd1c10a0ff2
AUD00570,C0570,Song_270,Netflix Originals,500.0,500.0,0.0,NONE,2026-04-02T02:19:27.633939,608ce481ee1d1e068e79ae6349e3a6c5eeb1c3df8769ed4ea12453ebcf59fb98
AUD00571,C0571,Song_271,Disney,200.0,200.0,0.0,NONE,2026-04-02T02:19:27.633939,9581dd0a2478b04a79cc45133e2fd8e6388ec038309ec80338eac2091c1791b1
AUD00572,C0572,Song_272,Disney,200.0,200.0,0.0,NONE,2026-04-02T02:19:27.633939,7c83bdedef0928c7751e194285af99730f1c557eb7926cfbd64602121173e033
AUD00573,C0573,Song_273,A24,200.0,200.0,0.0,NONE,2026-04-02T02:19:27.633939,d17b3cc0cc57a0ab6541ca296f5e2c622dc4c754359678c43aa89b6fd535a70f
AUD00574,C0574,Song_274,MGM,200.0,-528.99,728.99,EXPIRED_LICENSE,2026-04-02T02:19:27.633939,d23196689c1d1ace76c9d9fbb5a23b22690c6f468061525501aee1900048881c
AUD00575,C0575,Song_275,Sony Music,500.0,-1322.47,1822.47,EXPIRED_LICENSE,2026-04-02T02:19:27.633939,c10c7e6707c6f466825897734643d18e5c7bbb8a4557fc195b4182e5dc31f148
AUD00576,C0576,Song_276,Sony Music,750.0,373.51,376.49,UNDERPAYMENT,2026-04-02T02:19:27.633939,f784aa97e9e90c711a2a1304d2377901ab1db5b39c956640ffb72142e735bd59
AUD00577,C0577,Song_277,Disney,500.0,500.0,0.0,NONE,2026-04-02T02:19:27.633939,6ea4c8b9b5765651d77af740a37a6ff9919bd5a7dbb1a7a7fbabb684e747ebfa
AUD00578,C0578,Song_278,Paramount,500.0,500.0,0.0,NONE,2026-04-02T02:19:27.633939,0a82176d3a82cc3de66b1dfa7051947e567ef91b199efdeb26d42eaf8a243eb0
AUD00579,C0579,Song_279,Netflix Originals,500.0,200.86,299.14,UNDERPAYMENT,2026-04-02T02:19:27.633939,5217606ed91bec66e00dc5ddfcbe325989452b623ba725b033ed7128d275d6b4
AUD00580,C0580,Song_280,Universal,750.0,750.0,0.0,NONE,2026-04-02T02:19:27.633939,ecd45641d02c3b70fe81fd35db282db66ac5b69e83370ba5957dbc94b2530c52
AUD00581,C0581,Song_281,Sony Music,200.0,200.0,0.0,NONE,2026-04-02T02:19:27.633939,23123ef34594c90db769448680b0cf9d06024f83fd2cda564f88108ca7112e8c
AUD00582,C0582,Song_282,Lionsgate,500.0,500.0,0.0,NONE,2026-04-02T02:19:27.633939,4bda013552a4062f622149d8f045ee8d7325d12bdb4776a56f4abdcbbf455e95
AUD00583,C0583,Song_283,Warner Bros,500.0,500.0,0.0,NONE,2026-04-02T02:19:27.633939,2e1c8dea97edc0544293d9e2b974c8dbef94027dc1223aeb3376f3616d5b338a
AUD00584,C0584,Song_284,Netflix Originals,500.0,500.0,0.0,NONE,2026-04-02T02:19:27.633939,fc71d8314f86cba371d1fc9a9c67ff9f529884c42e4fd1440d6378aeace726eb
AUD00585,C0585,Song_285,MGM,750.0,750.0,0.0,NONE,2026-04-02T02:19:27.633939,bfe66244b8b01d611c3fbc2a298a063c05097df8bb0d9daec7946beea1a81550
AUD00586,C0586,Song_286,Netflix Originals,750.0,750.0,0.0,NONE,2026-04-02T02:19:27.633939,2da3f13024a87071aab320a479967db3ccd713a0cd53db244f81f5cb597ffa14
AUD00587,C0587,Song_287,Sony Music,500.0,-306.08,806.08,TERRITORY_VIOLATION,2026-04-02T02:19:27.633939,ba8782d5c2d3e927c443d1e73f661d5baf9a727758985f8c85434121ea0f255f
AUD00588,C0588,Song_288,Sony Music,500.0,-555.72,1055.72,TERRITORY_VIOLATION,2026-04-02T02:19:27.633939,7c94557ee8d6368696d18684fe3b824712754e450568c2ec12bc0e823e3dc76f
AUD00589,C0589,Song_289,A24,750.0,750.0,0.0,NONE,2026-04-02T02:19:27.633939,6ce800b843002fd10b3aac216318789b4a5761760a5a3d8859aa8d9ae783434e
AUD00590,C0590,Song_290,Warner Bros,750.0,750.0,0.0,NONE,2026-04-02T02:19:27.633939,5393ec2fbc0aaa3b5e527d36c9b1466ac54b7fcdd9f828962a9e6da404e6a3de
AUD00591,C0591,Song_291,Universal,750.0,424.94,325.06,UNDERPAYMENT,2026-04-02T02:19:27.633939,446b58df963de9dddc246cad820e8fb70c7515a5400898222dedcded4e676aaf
AUD00592,C0592,Song_292,Universal,200.0,200.0,0.0,NONE,2026-04-02T02:19:27.633939,791de9c512ff0479e653760ffd9c281d50e3e5de3c45f79209a7c219a1089f04
AUD00593,C0593,Song_293,A24,750.0,750.0,0.0,NONE,2026-04-02T02:19:27.633939,205ff418256387aa3455251adb068cdf4be93df595b4e43fb56bfaaa0fbb2db5
AUD00594,C0594,Song_294,Netflix Originals,750.0,750.0,0.0,NONE,2026-04-02T02:19:27.633939,2dd0fa763901d0da566ff3a8837e06e513c98846b3b051e55957e1c98c232a89
AUD00595,C0595,Song_295,Lionsgate,500.0,500.0,0.0,NONE,2026-04-02T02:19:27.633939,18878b95dadb331aec96dbdbebf855749368b80942918c246aaab31b924d1034
AUD00596,C0596,Song_296,Paramount,750.0,750.0,0.0,NONE,2026-04-02T02:19:27.633939,ca104ff949fcb71635d308f167b94ce5ce209aa8e183c7207ae3313eb9a5d7cf
AUD00597,C0597,Song_297,Sony Music,750.0,750.0,0.0,NONE,2026-04-02T02:19:27.633939,6235d84b068f3764947055889c21adf4fd54e4dfb683185cae1ec407faef86d1
AUD00598,C0598,Song_298,A24,500.0,-540.23,1040.23,TERRITORY_VIOLATION,2026-04-02T02:19:27.633939,0d99923b499db6a0162711aaf9b32db60f17d842b3b5acce2e80b09494c40784
AUD00599,C0599,Song_299,Lionsgate,750.0,750.0,0.0,NONE,2026-04-02T02:19:27.633939,1b0d08c8de983ba6c317f472853304f3b4aa306ef03751949941715e279dec9d
AUD00600,C0600,Song_300,Indie Label,500.0,500.0,0.0,NONE,2026-04-02T02:19:27.633939,e1c61e7a364638a6e13ae1d6d56850580c46ed0e53f9e3c5a8001cb22016e82e
AUD00601,C0601,Song_301,MGM,500.0,500.0,0.0,NONE,2026-04-02T02:19:27.633939,5ca13a36c1a787dc69f116db83f441df48b98d1ac566dea137ad85007488992a
AUD00602,C0602,Song_302,Universal,200.0,200.0,0.0,NONE,2026-04-02T02:19:27.633939,7c8203ff9764d56a20776542005f8a3cbcb3112ec67217142b0e540ce5c9c4a1
AUD00603,C0603,Song_303,Disney,200.0,200.0,0.0,NONE,2026-04-02T02:19:27.633939,104d979d1dc1d6495ce7e790b25ab620a50fdac420967cef6f73e72c35b15cd3
AUD00604,C0604,Song_304,Sony Music,200.0,200.0,0.0,NONE,2026-04-02T02:19:27.633939,c0b722c590d05944ca9fdbb82bcff0620de0bf6b2b826a27a52952847e1c10a0
AUD00605,C0605,Song_305,Indie Label,500.0,500.0,0.0,NONE,2026-04-02T02:19:27.633939,29b6787b97dbcc6a647af57121a12344ed626e21afedd0f710ddb9a9b0f22359
AUD00606,C0606,Song_306,Sony Music,200.0,200.0,0.0,NONE,2026-04-02T02:19:27.633939,f9f08706cd3e4431389592be2a0fe83ed694ab48b1d2b363c5af7250aa7429af
AUD00607,C0607,Song_307,Indie Label,750.0,750.0,0.0,NONE,2026-04-02T02:19:27.633939,b1e17d5ec602ed06b2b59f58dc6d657b312f06031a7f537c57bfaec1813bbd04
AUD00608,C0608,Song_308,Disney,750.0,750.0,0.0,NONE,2026-04-02T02:19:27.633939,e3f71f913972884b570af919fa5ba8ac9eb839c9d12011e6cb17f9ef4f8a4589
AUD00609,C0609,Song_309,Netflix Originals,200.0,200.0,0.0,NONE,2026-04-02T02:19:27.633939,818d882189bcb3a9fb39613cf14acdcb437d3de6710700cee96bdb76196d145f
AUD00610,C0610,Song_310,Paramount,750.0,750.0,0.0,NONE,2026-04-02T02:19:27.633939,d667708c05f464a927e7866dab30d99ccd7eb800685115a7839447a3864b37dc
AUD00611,C0611,Song_311,Sony Music,200.0,200.0,0.0,NONE,2026-04-02T02:19:27.633939,e83e75ce4cd72b7aab9a608a18d928e558609586e5a87e7d5049f89a405fc303
AUD00612,C0612,Song_312,A24,500.0,500.0,0.0,NONE,2026-04-02T02:19:27.633939,aba42b543c5cb0d2f16b919dfa70f80707884e2cb11ce6042fb700962b595e7b
AUD00613,C0613,Song_313,MGM,200.0,200.0,0.0,NONE,2026-04-02T02:19:27.633939,b1e247490f1137872d766f3da9e3af38f32bfad4e7301bfc7c83ce773b0daff8
AUD00614,C0614,Song_314,Sony Music,750.0,750.0,0.0,NONE,2026-04-02T02:19:27.633939,208254be7831d204fd7209c71d0af6fe40c37ede777541f5bfe6f5d7c50ab99b
AUD00615,C0615,Song_315,Disney,500.0,500.0,0.0,NONE,2026-04-02T02:19:27.633939,abc7776603b5953c3f6b9775c9a56922c9dda5f648bb2c4327e771c92e730d56
AUD00616,C0616,Song_316,A24,750.0,-854.39,1604.39,TERRITORY_VIOLATION,2026-04-02T02:19:27.633939,9a14e282bc181f80cf1b73c6e049d7d001910b4c26aa995b70980dbd053395f1
AUD00617,C0617,Song_317,A24,750.0,-332.07,1082.07,TERRITORY_VIOLATION,2026-04-02T02:19:27.633939,334a7946f8dd2fce71a8ab491c717a86278e3b73081cf0c6780e982e2d250743
AUD00618,C0618,Song_318,Paramount,200.0,200.0,0.0,NONE,2026-04-02T02:19:27.633939,6f4c51e78d5860ea283aadc3397ddf31578359f69d6c66936cb4410bc01266a5
AUD00619,C0619,Song_319,Warner Bros,750.0,750.0,0.0,NONE,2026-04-02T02:19:27.633939,80b48e77d596daeed96208d4d4acb5a3be012a7f308a419222982c9167d6301c
AUD00620,C0620,Song_320,Indie Label,500.0,500.0,0.0,NONE,2026-04-02T02:19:27.633939,b8416af063a14f67cec33076d8bf46dfef377e6c47e36ad2af48387b7dde0215
AUD00621,C0621,Song_321,Netflix Originals,750.0,750.0,0.0,NONE,2026-04-02T02:19:27.633939,7f8971cc871429137ea082f1a2b7c52204f585b6f19c159c85d16bccf6da03ea
AUD00622,C0622,Song_322,Universal,200.0,200.0,0.0,NONE,2026-04-02T02:19:27.633939,1d18e25ef12e6c57a6630f776795de0d7784abe7bcab75346b6992f17e2fbdee
AUD00623,C0623,Song_323,MGM,200.0,200.0,0.0,NONE,2026-04-02T02:19:27.633939,5b70d7793825372753a7c128a16ed52e1d34e3614dd805d15b167c2c3025a77e
AUD00624,C0624,Song_324,A24,500.0,500.0,0.0,NONE,2026-04-02T02:19:27.633939,660011e1bb6345d1ffb50452e08a197e3b39ca8f26b99ec5b73fa4e64700782a
AUD00625,C0625,Song_325,Indie Label,200.0,200.0,0.0,NONE,2026-04-02T02:19:27.633939,317e723dc1830a9a3713cc45710bb9a8829447b7b2c996343b7f2d05df5d179c
AUD00626,C0626,Song_326,Paramount,750.0,750.0,0.0,NONE,2026-04-02T02:19:27.633939,1a872df82c7a4f8bb3eb4c7e8607d8f3027a548eae087820429418828b5b2233
AUD00627,C0627,Song_327,Lionsgate,750.0,750.0,0.0,NONE,2026-04-02T02:19:27.633939,fe6dcd16362839d3c7951a685b9bb6efc59096ffe6c4309ead07398e777e3506
AUD00628,C0628,Song_328,MGM,750.0,750.0,0.0,NONE,2026-04-02T02:19:27.633939,44df28e43a500566f48b791374fe694692b3847070afedb7761b058dd4011eb5
AUD00629,C0629,Song_329,Indie Label,200.0,200.0,0.0,NONE,2026-04-02T02:19:27.633939,f029807d578612a6fe1382361cd395bc3412a699599c3effd1c016e865ecdfc2
AUD00630,C0630,Song_330,Lionsgate,500.0,608.15,-108.15,OVERPAYMENT,2026-04-02T02:19:27.633939,72328427e083ad0b5d94117d52c157813ecf73ad0a93ceeab892df3d71b3353b
AUD00631,C0631,Song_331,Disney,500.0,500.0,0.0,NONE,2026-04-02T02:19:27.633939,dae2600dc8ca2b9402c2ccdce51048bf62cf2a87ef879f2f0dd58879dba8cb0c
AUD00632,C0632,Song_332,Indie Label,500.0,500.0,0.0,NONE,2026-04-02T02:19:27.633939,789350040a543b4cc8c9e4e912b2295d8c278e5724acd6acbb7fe7be71695c42
AUD00633,C0633,Song_333,Warner Bros,200.0,200.0,0.0,NONE,2026-04-02T02:19:27.633939,96526bfb39a175d73f414f1244d33cca97de44f5e8442e682deb67f484a64a11
AUD00634,C0634,Song_334,Paramount,750.0,-362.98,1112.98,TERRITORY_VIOLATION,2026-04-02T02:19:27.633939,f2d6fa066502adae8870163ee14abc7f5f58505bed0ee191f1dfe7c35151993a
AUD00635,C0635,Song_335,Sony Music,750.0,750.0,0.0,NONE,2026-04-02T02:19:27.633939,48b76faefda5fabbc03d1c0082255bf23d7054142e6f4e9f93508ad2413a45aa
AUD00636,C0636,Song_336,Indie Label,750.0,750.0,0.0,NONE,2026-04-02T02:19:27.633939,618b457b4f722b6e75d8fa4b589f6695ebdc2a5ae72fcfe32bdc555fc5e8004c
AUD00637,C0637,Song_337,MGM,750.0,750.0,0.0,NONE,2026-04-02T02:19:27.633939,bb4feae5befe38a99fb3f86cf886f68332cb064f1ea50b22496bc48a1079215e
AUD00638,C0638,Song_338,Universal,500.0,500.0,0.0,NONE,2026-04-02T02:19:27.633939,27d381d6fd75851121e97cf227a63b1002653d6cb308556095b41efb7908792b
AUD00639,C0639,Song_339,Disney,200.0,200.0,0.0,NONE,2026-04-02T02:19:27.633939,346d8cae4719bfbab9f380a205aa6036df3908649fc5cf793647bb883c7994e4
AUD00640,C0640,Song_340,Netflix Originals,500.0,500.0,0.0,NONE,2026-04-02T02:19:27.633939,7661e263f4765974f1b757150b8f0aa2c6c369858acc77062a505ded7f67df15
AUD00641,C0641,Song_341,Indie Label,750.0,750.0,0.0,NONE,2026-04-02T02:19:27.633939,c95e8557ac2e1ec1170915a338783549c2f56b13abb4b929df576e5dc676be58
AUD00642,C0642,Song_342,Sony Music,500.0,500.0,0.0,NONE,2026-04-02T02:19:27.633939,1776029d805529d59f1d1295248c92cc2c197c70a3613b72b483f3e2f4794295
AUD00643,C0643,Song_343,Indie Label,200.0,200.0,0.0,NONE,2026-04-02T02:19:27.633939,83ad17b1a9037b6aaea2a8c2674db4ae9edc5629efe1aaf14f14d4115b8031cf
AUD00644,C0644,Song_344,Disney,750.0,-1983.71,2733.71,EXPIRED_LICENSE,2026-04-02T02:19:27.633939,de8529f7b98327b473365f9abdce431fdd8ddbd7a5cb9dd7429d9cb228c610a5
AUD00645,C0645,Song_345,MGM,500.0,500.0,0.0,NONE,2026-04-02T02:19:27.633939,5046ad89acfb113519b0ea1af2d3048e622396947eac5679a56e5e692f945409
AUD00646,C0646,Song_346,Warner Bros,500.0,500.0,0.0,NONE,2026-04-02T02:19:27.633939,b1fd38db8050f204d6be695445d145f11f3e3b720e9a08d1f3e3962e5acc19bd
AUD00647,C0647,Song_347,Disney,200.0,200.0,0.0,NONE,2026-04-02T02:19:27.633939,b0fa3ddbfd2da4d9bdd71c1c3608cd9d237af245f340abb247fd1b5c6cafbb58
AUD00648,C0648,Song_348,MGM,200.0,200.0,0.0,NONE,2026-04-02T02:19:27.633939,7f1680697ea4632f1cfca83892c20eba6c85761beadd5c56657395b4361c7078
AUD00649,C0649,Song_349,Netflix Originals,200.0,200.0,0.0,NONE,2026-04-02T02:19:27.633939,a97e320a09462437b03e617b4142e23e79fa76184a486c9e5106566d4dde6549
AUD00650,C0650,Song_350,MGM,750.0,750.0,0.0,NONE,2026-04-02T02:19:27.633939,57247c832f8df7e27f08b21cb7c08ded35bf69bc3204dc81f745267e96cbee4e
AUD00651,C0651,Song_351,Lionsgate,200.0,200.0,0.0,NONE,2026-04-02T02:19:27.633939,08f146c6ee804cfc68b97e02be8fc5e500c963c33ba8419e14cb97c0a35f2006
AUD00652,C0652,Song_352,Warner Bros,500.0,500.0,0.0,NONE,2026-04-02T02:19:27.633939,bd8e56558ad11201d8ab491ee01e7504452ab56a5a047484ccfd613b3fb9d0f8
AUD00653,C0653,Song_353,Indie Label,750.0,750.0,0.0,NONE,2026-04-02T02:19:27.633939,8ee253372d076ee3f1827ba3ef23d5fc8dab2cd35d3658cae944291625c35e4c
AUD00654,C0654,Song_354,Universal,500.0,500.0,0.0,NONE,2026-04-02T02:19:27.633939,24d7d5cb6c39a747a271067dfa5a65d92b26ce0be3eef9fc38a9929470ef1816
AUD00655,C0655,Song_355,Paramount,750.0,750.0,0.0,NONE,2026-04-02T02:19:27.633939,b57f4d45b2731c08b1adc9864253a5b85dc4fce374724ce3c0cb6304be28d776
AUD00656,C0656,Song_356,Paramount,500.0,500.0,0.0,NONE,2026-04-02T02:19:27.633939,88ee11853b7d416a4112a5208590fd7e850c7a051658a787ddfbe18ebacb63d5
AUD00657,C0657,Song_357,Warner Bros,200.0,200.0,0.0,NONE,2026-04-02T02:19:27.633939,994ef463582640de085c78785fea576b2d0f33f90103155a1b0d4c3c3a0b9891
AUD00658,C0658,Song_358,Indie Label,750.0,750.0,0.0,NONE,2026-04-02T02:19:27.633939,769a55175347f129b28ed57bc0784711b1be2d10a8aef3cf0f8f0c3a60ab1351
AUD00659,C0659,Song_359,Indie Label,500.0,500.0,0.0,NONE,2026-04-02T02:19:27.633939,37d52709b112e2367f5d4d925f7a5827f1d8a2d7d5b34e03d781822823c783bd
AUD00660,C0660,Song_360,Lionsgate,200.0,-10.02,210.02,UNDERPAYMENT,2026-04-02T02:19:27.633939,f8a737daba5cbae3bcb6af379ad58644cbc51a029afc0259d53bccf81d006db9
AUD00661,C0661,Song_361,Sony Music,200.0,200.0,0.0,NONE,2026-04-02T02:19:27.633939,2a3e63e1445567c79aa519c78cdeefa200ef414cdbad9fcf28c850a80aefec60
AUD00662,C0662,Song_362,Netflix Originals,750.0,750.0,0.0,NONE,2026-04-02T02:19:27.633939,b1065a25089c1b5cdca26cb234ce375ccbc51091a25761aee5ce10fca8e24be4
AUD00663,C0663,Song_363,Paramount,200.0,200.0,0.0,NONE,2026-04-02T02:19:27.633939,d382657034cc05ac8a0ab8cf55b921f344d0ff3b128c437e453787e07f4dbd7a
AUD00664,C0664,Song_364,Paramount,200.0,200.0,0.0,NONE,2026-04-02T02:19:27.633939,c75bfc5b33285ff0d095401aeca57e83fd1c7cdef7072b0734427e46d16495b7
AUD00665,C0665,Song_365,A24,500.0,500.0,0.0,NONE,2026-04-02T02:19:27.633939,24721259e75807e976d37fead065b18202602d7cb5167d5aab1893098e88cc37
AUD00666,C0666,Song_366,A24,200.0,200.0,0.0,NONE,2026-04-02T02:19:27.633939,e525b154a281b693e3e1f778de0f677e306fe3ca1debd7fe6b944de9ca01b91c
AUD00667,C0667,Song_367,Disney,200.0,200.0,0.0,NONE,2026-04-02T02:19:27.633939,e2fc9c822c03bdb61ffc855e2137872a257258e7569f523ed40c5f026f01abdc
AUD00668,C0668,Song_368,Netflix Originals,500.0,500.0,0.0,NONE,2026-04-02T02:19:27.633939,850a81faf4bbf6995e4306c96f0652f48432a6834a863bb50a80a3cdef9659ba
AUD00669,C0669,Song_369,MGM,750.0,750.0,0.0,NONE,2026-04-02T02:19:27.633939,dd8627d9cba09bf7158e575ab386e84ecf8bd3a4b71719bb8563abdf9173e840
AUD00670,C0670,Song_370,Warner Bros,750.0,750.0,0.0,NONE,2026-04-02T02:19:27.633939,fab56673eaf1c97942ec48669a0643039ce618c7c352b7cab97f223b5d101dd4
AUD00671,C0671,Song_371,Warner Bros,500.0,500.0,0.0,NONE,2026-04-02T02:19:27.633939,17cd49470cab08f5dfed45bd343f83b048f1cb51380e6e3d2d46b68f51d9b3ce
AUD00672,C0672,Song_372,Warner Bros,500.0,167.33,332.67,UNDERPAYMENT,2026-04-02T02:19:27.633939,b23fe22b6ab3720ee0c7a3a9218336debb635dac84d5d3b08d3fe502ad6fe43e
AUD00673,C0673,Song_373,Sony Music,750.0,750.0,0.0,NONE,2026-04-02T02:19:27.633939,99babaa4ca16e1bce6411cf270c0532005302a4b0e6236b1b4932d667484219a
AUD00674,C0674,Song_374,A24,200.0,200.0,0.0,NONE,2026-04-02T02:19:27.633939,377621fa1e1138087ad269c5097a29dd7e0aad7d28cfb4bfbb875c08a2f2035c
AUD00675,C0675,Song_375,Sony Music,200.0,200.0,0.0,NONE,2026-04-02T02:19:27.633939,e168f56a94a61f8df6f8280539055bd85547ba28742fec4b9912089539906bb5
AUD00676,C0676,Song_376,Indie Label,750.0,750.0,0.0,NONE,2026-04-02T02:19:27.633939,ff972db1f82b6d45153e99f2e7fad603097c2e00dace7ee4ccbd77088e6f9485
AUD00677,C0677,Song_377,Netflix Originals,200.0,200.0,0.0,NONE,2026-04-02T02:19:27.633939,24035ab043d6edf137eda65b39105000cf41731f2d92caf039b6220fa25db765
AUD00678,C0678,Song_378,Paramount,500.0,500.0,0.0,NONE,2026-04-02T02:19:27.633939,280245fb1a1db4c10591813e0fd6ef0002e63d6f929a349649a613761a13d467
AUD00679,C0679,Song_379,Warner Bros,200.0,200.0,0.0,NONE,2026-04-02T02:19:27.633939,a0323d2dd1950367e0add5a1c55bde1d6d8be14b5c107026132a906440574045
AUD00680,C0680,Song_380,A24,750.0,750.0,0.0,NONE,2026-04-02T02:19:27.633939,c43ebabc04934fb14ab2bf634c5320a792d098d3ef02902b49b3e10bed475911
AUD00681,C0681,Song_381,Warner Bros,500.0,500.0,0.0,NONE,2026-04-02T02:19:27.633939,5f81f1fe7c61a0a82f76717c952c053a1af8818e51a00b7cebb764029144d962
AUD00682,C0682,Song_382,Netflix Originals,750.0,750.0,0.0,NONE,2026-04-02T02:19:27.633939,ff41e17f39bcd9afb453cea636f3318d0aa9d918586423a18fde2d97f2850159
AUD00683,C0683,Song_383,Universal,200.0,200.0,0.0,NONE,2026-04-02T02:19:27.633939,feb542f0708fbd4cdba4e0d04c5c1d7c3a291079a64f4af540fcb5cd3c6b35ef
AUD00684,C0684,Song_384,Netflix Originals,500.0,500.0,0.0,NONE,2026-04-02T02:19:27.633939,97ca8743272b6452ea65d199a0761236e307283fd42c474a959d4434fbe95ba8
AUD00685,C0685,Song_385,Lionsgate,200.0,200.0,0.0,NONE,2026-04-02T02:19:27.633939,2128d1b4a198346e0d854c755a61714977763e86e2cf0aa08e69c756465c37c9
AUD00686,C0686,Song_386,Disney,200.0,247.3,-47.3,OVERPAYMENT,2026-04-02T02:19:27.633939,3228788c668ce4b468781145bc0ae5aa65e852c699a31b561e14a1d1f27b7f1f
AUD00687,C0687,Song_387,MGM,500.0,500.0,0.0,NONE,2026-04-02T02:19:27.633939,71ce42d0c442bdafbc7a9a03be86c7efe6617b175543cff5534fc8cb5904df0c
AUD00688,C0688,Song_388,MGM,750.0,750.0,0.0,NONE,2026-04-02T02:19:27.633939,15985022e1377a3a10a0f95c78b09ec743898b6a55c984bd99253021ef8c6fbf
AUD00689,C0689,Song_389,Sony Music,750.0,249.22,500.78,UNDERPAYMENT,2026-04-02T02:19:27.633939,2380334cae2b45c78c9c2617219f4b881573760c5155524da146a09b9f239e15
AUD00690,C0690,Song_390,Universal,750.0,750.0,0.0,NONE,2026-04-02T02:19:27.633939,e520f21d1c0edfa379611dcc05652342a19051a73d5a651357ca42210ad940fe
AUD00691,C0691,Song_391,Disney,750.0,750.0,0.0,NONE,2026-04-02T02:19:27.633939,a98659f7b5166129adcc69f26109902a06899f45a4068f6ee257f50fcf1c8af8
AUD00692,C0692,Song_392,Netflix Originals,750.0,750.0,0.0,NONE,2026-04-02T02:19:27.633939,ffe42af3d999d21c7eadca682fcf3456cb56fb4c2c7cc197b3adb487059f1b8b
AUD00693,C0693,Song_393,Warner Bros,500.0,500.0,0.0,NONE,2026-04-02T02:19:27.633939,f072266502cfda9d9228554caede5af7442d37795f67cbdc451b188d3a35af05
AUD00694,C0694,Song_394,Sony Music,500.0,500.0,0.0,NONE,2026-04-02T02:19:27.633939,837dff70322ed3f0ed8e52d4a8d2b88b5fd04b352bf4bdc22cf5bb68e9ed095b
AUD00695,C0695,Song_395,Warner Bros,750.0,750.0,0.0,NONE,2026-04-02T02:19:27.633939,3687b1136646eb01bf12858900a192802b270858fa429cac2a8a7effaa6fb221
AUD00696,C0696,Song_396,MGM,200.0,200.0,0.0,NONE,2026-04-02T02:19:27.633939,22eec943628061fb36ec4b83374abf4c439430816f8f257cd7c2aee32c5665b6
AUD00697,C0697,Song_397,Lionsgate,750.0,750.0,0.0,NONE,2026-04-02T02:19:27.633939,959cbf433589389000142ad9237e75285da321c90bf5d2dbef4bbb9f951d3298
AUD00698,C0698,Song_398,Netflix Originals,500.0,500.0,0.0,NONE,2026-04-02T02:19:27.633939,233202a650ef7b243c1bcd36d97bf333a1e6f5f8bea09f51cf7f15bf245a0edd
AUD00699,C0699,Song_399,Paramount,200.0,200.0,0.0,NONE,2026-04-02T02:19:27.633939,c39c863232888358ee1274daf6254a7e6f9abb7fafd62134c2e5efc04e8e927a
AUD00700,C0700,Song_400,A24,750.0,750.0,0.0,NONE,2026-04-02T02:19:27.633939,74fde5265aa5c217ebd088000b0dbbedad80b4875ff7ebb137ce50b1430540ba
AUD00701,C0701,Song_401,Lionsgate,200.0,200.0,0.0,NONE,2026-04-02T02:19:27.633939,1fb1e1cc5ba9b5574403d8178f5b287688e14695a6d3acdfda0f4c83e870c0ee
AUD00702,C0702,Song_402,Warner Bros,750.0,750.0,0.0,NONE,2026-04-02T02:19:27.633939,f436291d5a37ed3010511368c891ffd363e6f0c6f14378f3358f456886b86379
AUD00703,C0703,Song_403,MGM,500.0,500.0,0.0,NONE,2026-04-02T02:19:27.633939,45f669bf9c90830c683b172aa55b226bc200562241f053a7a854c82aa7ac6e94
AUD00704,C0704,Song_404,Warner Bros,750.0,750.0,0.0,NONE,2026-04-02T02:19:27.633939,bd836b7bef23c9528430e11e65b75a6443d66833214c0925d5401b94d569d0e8
AUD00705,C0705,Song_405,Netflix Originals,200.0,200.0,0.0,NONE,2026-04-02T02:19:27.633939,2fef63b8a6e5e2bd12c306690a550c58ac9c49a2b71e8c136c47f3e6ca69454e
AUD00706,C0706,Song_406,MGM,200.0,200.0,0.0,NONE,2026-04-02T02:19:27.633939,543f3590e312ceb9320cda5076d5e28dd2dcaa8c7e53e1b0d5ef3eecfc424662
AUD00707,C0707,Song_407,Paramount,200.0,65.36,134.64,UNDERPAYMENT,2026-04-02T02:19:27.633939,92243450eb4547ef1e85bd17a88b067b1b651d3989b1da5832eaae480a16f5a8
AUD00708,C0708,Song_408,Warner Bros,200.0,200.0,0.0,NONE,2026-04-02T02:19:27.633939,9f54b74914d5805dac3fb493dd40fa5cc9a75afd268c4fc28261d9b5100c428b
AUD00709,C0709,Song_409,MGM,750.0,750.0,0.0,NONE,2026-04-02T02:19:27.633939,212a736266ad8f937173c143f549bc6e130ee09605e00715ede3b7956f7f26f0
AUD00710,C0710,Song_410,Lionsgate,750.0,750.0,0.0,NONE,2026-04-02T02:19:27.633939,73ac63a8a2eec4a9396be815eb58cb68eb9ddf4d9b2f105c19a6cd84b5618bed
AUD00711,C0711,Song_411,A24,200.0,200.0,0.0,NONE,2026-04-02T02:19:27.633939,5f4a839e5494b943a7bb53dba51d351bee256d86c210a6d4e1c69b51e66fb1b0
AUD00712,C0712,Song_412,Netflix Originals,500.0,552.2,-52.2,OVERPAYMENT,2026-04-02T02:19:27.633939,b3bb33fbd41498c3520437fdfa671c7cafd64af62c0449dde01de9ce324e7472
AUD00713,C0713,Song_413,A24,500.0,500.0,0.0,NONE,2026-04-02T02:19:27.633939,08b06e4582830558001adfdb9e2ca891aa457a7c127a85a61b4c71660f15aa04
AUD00714,C0714,Song_414,Universal,200.0,200.0,0.0,NONE,2026-04-02T02:19:27.633939,55ccda899668bd001fdc52e4fb934f72da92a52e9641682549bad31959f86dd4
AUD00715,C0715,Song_415,Disney,200.0,200.0,0.0,NONE,2026-04-02T02:19:27.633939,68405cd37217d28683fe73c10bd72e2205fa1372342b4986881ae76d4c44e216
AUD00716,C0716,Song_416,MGM,750.0,750.0,0.0,NONE,2026-04-02T02:19:27.633939,363991e412b48c48cb8152755e03245eeff7ee721abae3325b43d5d91ec477c7
AUD00717,C0717,Song_417,MGM,750.0,750.0,0.0,NONE,2026-04-02T02:19:27.633939,4e8f69d5f3e2d71615d8585a4a8a5c4af43e44f83b5571bc33c95d9d445020de
AUD00718,C0718,Song_418,Sony Music,200.0,200.0,0.0,NONE,2026-04-02T02:19:27.633939,7a5b8093524d2c12b1e28cb1d63bb718f1c0e0c0c7ec7149275ef293881fcdd5
AUD00719,C0719,Song_419,Warner Bros,750.0,750.0,0.0,NONE,2026-04-02T02:19:27.633939,eb59b5600afbb5b29fd67e0c973d4e1fc61926b37c053ffe77379f90fb34ebb9
AUD00720,C0720,Song_420,A24,750.0,750.0,0.0,NONE,2026-04-02T02:19:27.633939,4381e054296cebfbcbb52277f6b0914beb76db2aa692c89325f54e8d25441214
AUD00721,C0721,Song_421,Paramount,500.0,500.0,0.0,NONE,2026-04-02T02:19:27.633939,ef002fe705056ac97698544cedff2ad43248fc5a002dd964fa99abe841709d6b
AUD00722,C0722,Song_422,Lionsgate,500.0,500.0,0.0,NONE,2026-04-02T02:19:27.633939,c6d4bc8b1cf9d5102d777f3fd32d69620979a7c82d5c809b959df37b6931444b
AUD00723,C0723,Song_423,Netflix Originals,200.0,200.0,0.0,NONE,2026-04-02T02:19:27.633939,e72a1f896e8e3ac3aea5d561caaa79734b8467fee03a11728d9ef61e73d5edf1
AUD00724,C0724,Song_424,Indie Label,200.0,200.0,0.0,NONE,2026-04-02T02:19:27.633939,8a4c3b98f341cc574ff7cb72930a1cc6ace4d9c69af88c40ca9c1ec873223986
AUD00725,C0725,Song_425,Netflix Originals,500.0,500.0,0.0,NONE,2026-04-02T02:19:27.633939,6afe84ad01f58d4b91a8e007fd361d828f4e68d58384c0cd23a7a122b35a9eda
AUD00726,C0726,Song_426,Warner Bros,750.0,750.0,0.0,NONE,2026-04-02T02:19:27.633939,175bc308ef7e4c6ba0e41270842273e2ccd29b92e74ea81a6f53fdca1b567520
AUD00727,C0727,Song_427,A24,750.0,-1983.71,2733.71,EXPIRED_LICENSE,2026-04-02T02:19:27.633939,f2a896da5af3608071208259ab522ff592f9d06cfeec45496ec21dbb6757e545
AUD00728,C0728,Song_428,A24,200.0,200.0,0.0,NONE,2026-04-02T02:19:27.633939,3a668108f545cd0d57307a172b2e6c7ace6746af65a3f99d4e5a95857d811c01
AUD00729,C0729,Song_429,Disney,500.0,500.0,0.0,NONE,2026-04-02T02:19:27.633939,00219c8a3d8d6c12f4b69ecb455e24b16e7444cc2d1e0824ab18f8675c2772c2
AUD00730,C0730,Song_430,A24,750.0,750.0,0.0,NONE,2026-04-02T02:19:27.633939,3ac3aa0583d7fdbc6b66edb6411f7d3840ad4f61978d637e18b012ff52f15ed2
AUD00731,C0731,Song_431,Paramount,750.0,750.0,0.0,NONE,2026-04-02T02:19:27.633939,2a6fe8b93d48f46e75a0d29157ba7b7f5ab488e78db83bd180b8009274610393
AUD00732,C0732,Song_432,Universal,750.0,750.0,0.0,NONE,2026-04-02T02:19:27.633939,b11f6c2878d5f4950fac91dd8586a11848836052d5569fe6c00861410c948c51
AUD00733,C0733,Song_433,Warner Bros,500.0,500.0,0.0,NONE,2026-04-02T02:19:27.633939,8030d0e290d23ed01dcdc3449bcbe018be121e56a7ce8781358e5a1723a69c17
AUD00734,C0734,Song_434,Paramount,750.0,750.0,0.0,NONE,2026-04-02T02:19:27.633939,0fa771f8211c4c8d782c45d8696a6ac1f4f66f668f25cf6bb53d71638868cddb
AUD00735,C0735,Song_435,Sony Music,500.0,500.0,0.0,NONE,2026-04-02T02:19:27.633939,91f183d13c7b4d3a5ae80f7b20c0c407226a5a7b6490d8f9868394329e27c6d6
AUD00736,C0736,Song_436,Lionsgate,500.0,500.0,0.0,NONE,2026-04-02T02:19:27.633939,9d2470e78eedf522158b233ecf813f1170137e3fe411ef245c27ffa7a25f0683
AUD00737,C0737,Song_437,Universal,750.0,750.0,0.0,NONE,2026-04-02T02:19:27.633939,a039e632922de699a5f242f426d35d27fe0e329d2322f27c4e1dce6255bbdecb
AUD00738,C0738,Song_438,Disney,200.0,200.0,0.0,NONE,2026-04-02T02:19:27.633939,bed30cd3ea3632fc910d71c84eb6211bec93d9ec5f81e4ebc593f2ac2627b3c7
AUD00739,C0739,Song_439,A24,500.0,500.0,0.0,NONE,2026-04-02T02:19:27.633939,2863dc238fb12993b0d74f5ed506619a11aec43dd9cdaf569416f6b1b8c9b702
AUD00740,C0740,Song_440,MGM,200.0,200.0,0.0,NONE,2026-04-02T02:19:27.633939,d3c52fa21fe22cf6376bdf273b4467e87e678de308faa217b3b2582a23bec5f2
AUD00741,C0741,Song_441,A24,750.0,750.0,0.0,NONE,2026-04-02T02:19:27.633939,8dba9a7807511d8b0e8ffb62936c033fe33a7816266d36862534fe47a4c63308
AUD00742,C0742,Song_442,Indie Label,500.0,500.0,0.0,NONE,2026-04-02T02:19:27.633939,cd16c7783d595584d1f8d234a9b33ee2ca386170812a4a3e6f409d19c8dcdc1c
AUD00743,C0743,Song_443,Lionsgate,750.0,750.0,0.0,NONE,2026-04-02T02:19:27.633939,1f816b85d5daf1d483d65488d41ad73afad039c3f7562ccec89a0d76a66ca471
AUD00744,C0744,Song_444,Paramount,500.0,500.0,0.0,NONE,2026-04-02T02:19:27.633939,b6563e608b53bb76dc4a3dbfa31a808203ca69de1c0f8572e321def40960464b
AUD00745,C0745,Song_445,Disney,750.0,-1983.71,2733.71,EXPIRED_LICENSE,2026-04-02T02:19:27.633939,b2adc585aa0fcafefc951835b17db27f63a4ca9e33364ef0e45ea4d3f2a80153
AUD00746,C0746,Song_446,Warner Bros,200.0,200.0,0.0,NONE,2026-04-02T02:19:27.633939,b9613e07f2a0aa27baa8d872e209b3f67006be62a44c426baddf5a42ac6e12fc
AUD00747,C0747,Song_447,Disney,200.0,200.0,0.0,NONE,2026-04-02T02:19:27.633939,88b12c2e6d0e99e4ce8617d6c478b9e6d5469d862e43ed59bbc27960afd07cec
AUD00748,C0748,Song_448,Universal,200.0,200.0,0.0,NONE,2026-04-02T02:19:27.633939,a71405e51da6d561c15cc6673a8f23887b3eb7133ffa89e9115d821043e209c1
AUD00749,C0749,Song_449,Paramount,200.0,200.0,0.0,NONE,2026-04-02T02:19:27.633939,f84e69001ce7f3f603bea7436af0d78f901e64c48bb274124001b4ca23b9b00c
AUD00750,C0750,Song_450,Netflix Originals,500.0,500.0,0.0,NONE,2026-04-02T02:19:27.633939,7aa3f227a4884a191047394aeaf3994d957b0a214a5a302969cfb89f5b271061
AUD00751,C0751,Song_451,Paramount,200.0,238.97,-38.97,OVERPAYMENT,2026-04-02T02:19:27.633939,561f82851e88dbd737ad7c94b147ff1e4ed991840c80999e14743bf7a13a9858
AUD00752,C0752,Song_452,Indie Label,200.0,200.0,0.0,NONE,2026-04-02T02:19:27.633939,97ed11eb2bb64bb0c7cca1afecaf7a787a5a87b28a328d2f3ea6630db0d789f8
AUD00753,C0753,Song_453,A24,200.0,200.0,0.0,NONE,2026-04-02T02:19:27.633939,97b37485be577f0dd974fc0caca45ae6cd48eb7720f4f98b6cbb1e02efcc8372
AUD00754,C0754,Song_454,A24,200.0,200.0,0.0,NONE,2026-04-02T02:19:27.633939,199e63914397cebf435683817c5b41f4ad39302d51773652e0d1fd1fb3b91419
AUD00755,C0755,Song_455,Indie Label,750.0,750.0,0.0,NONE,2026-04-02T02:19:27.633939,ea8f7ce8c8b5a7fcacc83809a645aa22751f77175d56490e99aeff135ff82f87
AUD00756,C0756,Song_456,Universal,500.0,500.0,0.0,NONE,2026-04-02T02:19:27.633939,faff69cfadd18e127c37096bb6a7991cc5db220818815c329096cab3db6f1338
AUD00757,C0757,Song_457,Netflix Originals,500.0,500.0,0.0,NONE,2026-04-02T02:19:27.633939,d78d98a2e83796ee385285be0deeb2744123384be5e7566b3f575a5736e1ccb0
AUD00758,C0758,Song_458,Netflix Originals,500.0,500.0,0.0,NONE,2026-04-02T02:19:27.633939,89d64436c34e5d1bc45d3b67f4aef3d830e27190b1a6b1c81658b0205cdc2432
AUD00759,C0759,Song_459,Disney,200.0,200.0,0.0,NONE,2026-04-02T02:19:27.633939,5e9820eece40f9fad6ec157828a02313e6aa27b76535da703e81ff51aa44b992
AUD00760,C0760,Song_460,A24,200.0,200.0,0.0,NONE,2026-04-02T02:19:27.633939,59c644e890cdb6e999ac583f7805faf65ffcdf3c436c88e984edbb37524cc24a
AUD00761,C0761,Song_461,Lionsgate,750.0,750.0,0.0,NONE,2026-04-02T02:19:27.633939,2f5948aa5e0877e40dc5a3f2c7c41c4f273aaa5d591ac6ab3c951048605572c0
AUD00762,C0762,Song_462,Warner Bros,750.0,750.0,0.0,NONE,2026-04-02T02:19:27.633939,cb9d6e19a709515b2d42043fcce3cc4c25bbb219f0a348bc44aeb9e325deb210
AUD00763,C0763,Song_463,Lionsgate,200.0,200.0,0.0,NONE,2026-04-02T02:19:27.633939,d2d6fec98e9cfd717478fab84e49979cd7f61278f2e642701386233af64328a7
AUD00764,C0764,Song_464,MGM,750.0,750.0,0.0,NONE,2026-04-02T02:19:27.633939,b82a9d79df5745be2c340a1da0a5e13f3731b74ddf82c4450eb82793e6abba50
AUD00765,C0765,Song_465,Universal,750.0,750.0,0.0,NONE,2026-04-02T02:19:27.633939,41a6320d93b823bfed94e51dfa13b2467244c22d5a3ccbf858a9546725c3fa33
AUD00766,C0766,Song_466,Disney,500.0,500.0,0.0,NONE,2026-04-02T02:19:27.633939,82336c2a27c680762def0431498d69d1a19f65703f105644a4f3619008855cb7
AUD00767,C0767,Song_467,MGM,200.0,200.0,0.0,NONE,2026-04-02T02:19:27.633939,53f7479e64e909526f2d8ef9cf28adba7b77baebec609287f161dea71a8f1cc3
AUD00768,C0768,Song_468,Sony Music,750.0,750.0,0.0,NONE,2026-04-02T02:19:27.633939,f283434ff8ead9f0fdb5503b5c5fd19b5e1fd7e8930014ec532190af3daffc06
AUD00769,C0769,Song_469,Warner Bros,750.0,-1983.71,2733.71,EXPIRED_LICENSE,2026-04-02T02:19:27.633939,678f346f2ecdd12e8b223b41ba89ff3f7d775baa4cd716ceab599913726e6a0e
AUD00770,C0770,Song_470,Warner Bros,750.0,750.0,0.0,NONE,2026-04-02T02:19:27.633939,f923394478ee39fee76ef0693c09e2a3d742f2791d60ed1e7ee17f6ec6db8fae
AUD00771,C0771,Song_471,A24,200.0,200.0,0.0,NONE,2026-04-02T02:19:27.633939,8ad4cab5147f70286a530341480ce31ba28d5865a91a95a7f4a75ee16d9ba0b7
AUD00772,C0772,Song_472,Sony Music,750.0,750.0,0.0,NONE,2026-04-02T02:19:27.633939,0b279ca909d2eb79febff0ad1e0ca18fd1e7a3f2013fcbd7a59e89166d4440a2
AUD00773,C0773,Song_473,Netflix Originals,200.0,200.0,0.0,NONE,2026-04-02T02:19:27.633939,05726fe09b45b94b4f551dd9f8b0cc0374f77c5763617bda38038de4781df5fa
AUD00774,C0774,Song_474,Lionsgate,750.0,750.0,0.0,NONE,2026-04-02T02:19:27.633939,0a252cb84e2668ead960e41e417a06d6c7e046378bdecb139c392095b2f31d68
AUD00775,C0775,Song_475,Sony Music,500.0,500.0,0.0,NONE,2026-04-02T02:19:27.633939,72df092eb9ae2e776beaaea6106ab0b8bd507ed70f38b3d93f5a0099427f4a25
AUD00776,C0776,Song_476,Disney,750.0,750.0,0.0,NONE,2026-04-02T02:19:27.633939,608ab4e1df27c42394e4ad262dfa126f41cc9162c25be0821060a9c2a1c903e5
AUD00777,C0777,Song_477,Lionsgate,500.0,500.0,0.0,NONE,2026-04-02T02:19:27.633939,d583d71e7cf79f5f4fd131a44596d18b45f23fafb96ae6799ecfdedf3e8ce202
AUD00778,C0778,Song_478,MGM,200.0,200.0,0.0,NONE,2026-04-02T02:19:27.633939,a7a84a5cfab30e57d8a46ae8e1b84672e1ad381e230a84a8e8ba396ad8d78961
AUD00779,C0779,Song_479,Disney,500.0,500.0,0.0,NONE,2026-04-02T02:19:27.633939,4a0d08c28c2900a234461fc5fe0dddf85ae6e16ffb809d1e44e0c29e746d9a61
AUD00780,C0780,Song_480,MGM,200.0,200.0,0.0,NONE,2026-04-02T02:19:27.633939,321ba1108d88be2c70f5d52a282bc43dc3c55b386c40c5e1f462fef0593154da
AUD00781,C0781,Song_481,A24,500.0,500.0,0.0,NONE,2026-04-02T02:19:27.633939,389a75fa9e12f80ddea2d89cb2655d12b6b1c93732980be3c89ffdf3f8ab4557
AUD00782,C0782,Song_482,Warner Bros,500.0,500.0,0.0,NONE,2026-04-02T02:19:27.633939,5fe23397b137050900e126f97f219ca69eb33cfaecae7a2700fe2347831dcee4
AUD00783,C0783,Song_483,Paramount,750.0,750.0,0.0,NONE,2026-04-02T02:19:27.633939,973b7e7caba4be17a261372a3be242c7f27a1c4b458b3b635617dfaa6d241d7d
AUD00784,C0784,Song_484,A24,750.0,750.0,0.0,NONE,2026-04-02T02:19:27.633939,07caa89670c0f79a33bad8f411676cd9dfadc30dff51abebf23e5f09d106b4ca
AUD00785,C0785,Song_485,Disney,750.0,750.0,0.0,NONE,2026-04-02T02:19:27.633939,ce6a913c8ed3f94c12fd5347c1e49ce044fdd6b9add951892f896346997e7660
AUD00786,C0786,Song_486,Indie Label,500.0,586.31,-86.31,OVERPAYMENT,2026-04-02T02:19:27.633939,ba90052cad3ea5e522fe699a32e596e8be01a11373422e14c92288d82a9983e4
AUD00787,C0787,Song_487,Universal,200.0,200.0,0.0,NONE,2026-04-02T02:19:27.633939,46bf142af0d920f8a3554dc3ec5e9087b082b90708acfd31872918ae121b20e5
AUD00788,C0788,Song_488,Paramount,200.0,200.0,0.0,NONE,2026-04-02T02:19:27.633939,294d4507a49803f0f1c581a9cf96b356a7e130704e4ee9c74e4ef64d58c6b228
AUD00789,C0789,Song_489,MGM,500.0,500.0,0.0,NONE,2026-04-02T02:19:27.633939,c62e89bd26896093b9035b9502202f5164304364010ec144d69c60486fbcbf31
AUD00790,C0790,Song_490,A24,750.0,237.34,512.66,UNDERPAYMENT,2026-04-02T02:19:27.633939,9126c4f8305584cb2a3ccbd1afceb49bf8e598c619403d52a92cc7d565fded97
AUD00791,C0791,Song_491,Paramount,750.0,750.0,0.0,NONE,2026-04-02T02:19:27.633939,66de2ed752d8fd72e09cc23942dc76eccbce1345dc8729b857ecf00114d650f9
AUD00792,C0792,Song_492,Warner Bros,500.0,500.0,0.0,NONE,2026-04-02T02:19:27.633939,7be75064de52b7a8705d69145d89e703dad850b0143eff6b03f1b65db669c8af
AUD00793,C0793,Song_493,Netflix Originals,750.0,750.0,0.0,NONE,2026-04-02T02:19:27.633939,4fe48037035a55de742fd5c4ef109fd7ba92c38ccd090fdfc458ab7011927395
AUD00794,C0794,Song_494,Lionsgate,750.0,750.0,0.0,NONE,2026-04-02T02:19:27.633939,2370418acd1abfc18dd1ed16b559d1a758981e87c60ed47be1949d7cb773a0b3
AUD00795,C0795,Song_495,Netflix Originals,750.0,750.0,0.0,NONE,2026-04-02T02:19:27.633939,711141cd90cec1224158c2c1d3fcb9cb2a5ed3a7f18050738deb5c456e7df95a
AUD00796,C0796,Song_496,A24,200.0,200.0,0.0,NONE,2026-04-02T02:19:27.633939,01b4e639862b59a7c97a56652f2c43b9b334d0200cebf553bd21be32b76da2fd
AUD00797,C0797,Song_497,Paramount,750.0,750.0,0.0,NONE,2026-04-02T02:19:27.633939,101b8205c7b117d233dd7989584c1929a0b888420a983b77ce39dfc76a9b69d2
AUD00798,C0798,Song_498,Universal,500.0,500.0,0.0,NONE,2026-04-02T02:19:27.633939,0774c2ac4d6f54b76f880eecca89cc468bc42404c5ab58e2b6d9ffcfe403a445
AUD00799,C0799,Song_499,A24,750.0,750.0,0.0,NONE,2026-04-02T02:19:27.633939,b445eef6673ef517fb5f42e17c658cd5d2ee211e19a6543dea9f660e75bb2d99
AUD00800,C0800,Song_500,Sony Music,500.0,500.0,0.0,NONE,2026-04-02T02:19:27.633939,192a59efdf893940930dd68cc97fe4be38c483cd6a9e92bb0f814936adb738de
AUD00801,C0801,Song_501,Disney,750.0,750.0,0.0,NONE,2026-04-02T02:19:27.633939,e4c464a35cd9c8735b90ba8fdc2ece23510f2e696c852043ae3764be383d1b1a
AUD00802,C0802,Song_502,A24,750.0,750.0,0.0,NONE,2026-04-02T02:19:27.633939,5ddc40d767fea24634bb6575e906813938e77f89a08a5b4e60f2fe9bd9a40a4b
AUD00803,C0803,Song_503,Paramount,200.0,200.0,0.0,NONE,2026-04-02T02:19:27.636827,e16cbd6cfc78a6d62a3eefc21cb10eea53614f7d06508ecc484c679ef0da3cc5
AUD00804,C0804,Song_504,Netflix Originals,750.0,750.0,0.0,NONE,2026-04-02T02:19:27.636827,796b38f9a887ceef0019e1fa1693f5b5d7cba9324481874e83964fe020163228
AUD00805,C0805,Song_505,Sony Music,200.0,200.0,0.0,NONE,2026-04-02T02:19:27.636827,edba65aa188b1a6222a610379ee30b5ac76bbf53e1d27b282a1982836c124e72
AUD00806,C0806,Song_506,Disney,750.0,750.0,0.0,NONE,2026-04-02T02:19:27.636827,8c44ba42ef2bb7ca9cafbee25d92d286e29a784a487eebaa00871dd1db8cc2b6
AUD00807,C0807,Song_507,Sony Music,200.0,200.0,0.0,NONE,2026-04-02T02:19:27.636827,443c7a012cda290cc01ec3decba90f1b6db10930981ab42fb2f77211145cb066
AUD00808,C0808,Song_508,Sony Music,750.0,750.0,0.0,NONE,2026-04-02T02:19:27.636827,c8f71330818dfdba7f0d139999963ceb8ecbf8a1b5c847a52b3518be4edb8924
AUD00809,C0809,Song_509,MGM,750.0,750.0,0.0,NONE,2026-04-02T02:19:27.636827,cf3d6bac74d7fb1b29ae3676cfeefd6f883c158ee4ee057b1a69237af328d2f2
AUD00810,C0810,Song_510,Sony Music,500.0,500.0,0.0,NONE,2026-04-02T02:19:27.636827,c85bacd5d7ec98a8bc66393bdfdbaf83f63c2304a6a1a298cc5c3a600b5675c8
AUD00811,C0811,Song_511,Warner Bros,750.0,750.0,0.0,NONE,2026-04-02T02:19:27.636827,da6bae197c30d7354a9966edf6b726557135a025cfd3e3af8e7db979a8592221
AUD00812,C0812,Song_512,A24,750.0,750.0,0.0,NONE,2026-04-02T02:19:27.636827,3bd1de19e82e97cb3ef740cb39cfb87d6c5121c8963a3e95ebd7f095973569bd
AUD00813,C0813,Song_513,Warner Bros,500.0,500.0,0.0,NONE,2026-04-02T02:19:27.636827,be3b7c41d139b46630a5d58ab8d82b471183195b07593275b1beea6a0111a061
AUD00814,C0814,Song_514,Netflix Originals,750.0,447.0,303.0,UNDERPAYMENT,2026-04-02T02:19:27.636827,0aee43105655cb8f87623a82cb46bc2450083b5eefd4c67cb2552a70dbd51979
AUD00815,C0815,Song_515,A24,500.0,500.0,0.0,NONE,2026-04-02T02:19:27.636827,7ec448497867bc9b7bea81231f8037f731723ffc443ebcad8eb600db67aec52b
AUD00816,C0816,Song_516,Sony Music,750.0,750.0,0.0,NONE,2026-04-02T02:19:27.636827,bbee6bc794e0acced66919a10eaa5cf9f6f1dcc5908e353fa359b0d8e5b50fd2
AUD00817,C0817,Song_517,Paramount,500.0,500.0,0.0,NONE,2026-04-02T02:19:27.636827,3f0827871d2f0cc513d25307e90a7f557fc1a7d489a91158c672588103b3c441
AUD00818,C0818,Song_518,Paramount,500.0,500.0,0.0,NONE,2026-04-02T02:19:27.636827,3342cfdf3f40f081af1074c58ab625aa583901bb848630627a6ba42d4f523a72
AUD00819,C0819,Song_519,Disney,200.0,200.0,0.0,NONE,2026-04-02T02:19:27.636827,6bc6c8b22e340ff65fd986f5af9222ecd74e9132e428ffdfc3f784da200bf8c0
AUD00820,C0820,Song_520,Paramount,750.0,750.0,0.0,NONE,2026-04-02T02:19:27.637335,b5f4d6cb99755d6a31e84bddb93425a13cd6955e74e3c29d6458bef8c9578f09
AUD00821,C0821,Song_521,Universal,750.0,-59.69,809.69,UNDERPAYMENT,2026-04-02T02:19:27.637335,8241171ab3184eeb0a75012e3c21570faf47a556897b2a5861fda023c4f37fc7
AUD00822,C0822,Song_522,A24,500.0,117.5,382.5,UNDERPAYMENT,2026-04-02T02:19:27.637335,4e9e86e6ce159b415871f76440ddec8d060850e4b06e4fa743ae9838af4344be
AUD00823,C0823,Song_523,Warner Bros,750.0,750.0,0.0,NONE,2026-04-02T02:19:27.637335,a52b117fbec57e88ab539097277e3b0e84a724a6fcf52d2587784b3e47a6dac2
AUD00824,C0824,Song_524,Netflix Originals,750.0,907.72,-157.72,OVERPAYMENT,2026-04-02T02:19:27.637335,033f0d5d3abb546c8b5379e43998ce4e6d5301b526760c914e71c5ff090bc274
AUD00825,C0825,Song_525,Universal,750.0,750.0,0.0,NONE,2026-04-02T02:19:27.637335,8999e1a9ce72b1c4bb288cc7f0b2d647f2d346a97f689c334a98ba6a6cc6c01b
AUD00826,C0826,Song_526,Netflix Originals,500.0,500.0,0.0,NONE,2026-04-02T02:19:27.637335,175d6ea4c043b3c9d558c6bb56e8adbc0c211f7fe2f62c02c61ed9409783779b
AUD00827,C0827,Song_527,A24,200.0,200.0,0.0,NONE,2026-04-02T02:19:27.637335,26389f84340022ba84ae52e5aa608fb65adcf03c2c31a0bde277df9ecb5348a2
AUD00828,C0828,Song_528,Lionsgate,750.0,750.0,0.0,NONE,2026-04-02T02:19:27.637335,c41eaaa4055957eff55d7efd681e65cd971983f42b1e2e3b799073e49e3b3bab
AUD00829,C0829,Song_529,Universal,500.0,500.0,0.0,NONE,2026-04-02T02:19:27.637335,386c5f4cb7389962decaf7b8b3dfe79b21ed2b1d3c535eb07b8af19012391a41
AUD00830,C0830,Song_530,MGM,200.0,200.0,0.0,NONE,2026-04-02T02:19:27.637335,044481ea9dc11766c84ba0d4b5d1e1c4c4e64e25461db07895ef26608443112a
AUD00831,C0831,Song_531,Sony Music,750.0,750.0,0.0,NONE,2026-04-02T02:19:27.637335,08cbd3488581d0fdd8582079f125468694b98e2799a2fea64b6c7afbe3273acd
AUD00832,C0832,Song_532,Indie Label,200.0,217.16,-17.16,OVERPAYMENT,2026-04-02T02:19:27.637335,0d070db9bc524427f973213d61d7afc183ea2f2ca3bbb1a0847a2f62ba010088
AUD00833,C0833,Song_533,Lionsgate,200.0,200.0,0.0,NONE,2026-04-02T02:19:27.637335,e60d0bedae1ec6e2ffdc19ef33aeab28c3677ef07698d7c0e96325d71778188c
AUD00834,C0834,Song_534,Universal,200.0,200.0,0.0,NONE,2026-04-02T02:19:27.637335,8681d2ad2d753672dcdf3f91111a82508d1d7cb10016b8f7c1e679cb1d1c0048
AUD00835,C0835,Song_535,Sony Music,750.0,750.0,0.0,NONE,2026-04-02T02:19:27.637335,6c478e300f0f747bc7c3083d4119a0a76ee6d148f65790013b06c77cd63308aa
AUD00836,C0836,Song_536,MGM,200.0,200.0,0.0,NONE,2026-04-02T02:19:27.637335,ae4709a19cb19dd133ef5db8dfc6a3af3e8af1d799fb309aedd29d8afe645eb8
AUD00837,C0837,Song_537,Paramount,200.0,200.0,0.0,NONE,2026-04-02T02:19:27.637335,ef7899edc0fc8609f5e41353504135793a26127b609b174d5ddeebfc2203a443
AUD00838,C0838,Song_538,A24,200.0,200.0,0.0,NONE,2026-04-02T02:19:27.637335,9effdd760900028c31a7ad5d4af4276fa1b5276abe51a603a5efe317a2aa7ec7
AUD00839,C0839,Song_539,Indie Label,200.0,200.0,0.0,NONE,2026-04-02T02:19:27.637335,ae5906412213662c1011e55a12d17a758f8a4942d4ac6802da319ed982928b7f
AUD00840,C0840,Song_540,Sony Music,750.0,750.0,0.0,NONE,2026-04-02T02:19:27.637335,1370c007241b68eda9a449a082b8ab675a05c13adb32a60f1094b48c71296323
AUD00841,C0841,Song_541,Indie Label,750.0,750.0,0.0,NONE,2026-04-02T02:19:27.637335,ff012aa3f71f00cb8094b7a8f0925e2128d8f84f47f0f504845a5662ed858df1
AUD00842,C0842,Song_542,Indie Label,500.0,-347.67,847.67,TERRITORY_VIOLATION,2026-04-02T02:19:27.637335,32137901e2f5080f9a344d3c8a84f318fcef5697707ef96c2d69a1dc1d7e44d0
AUD00843,C0843,Song_543,Universal,750.0,750.0,0.0,NONE,2026-04-02T02:19:27.637335,0dcac43399208bc7be8bae2c50bd3c2c5ffcc4d7e506efd388229a3b2913ce66
AUD00844,C0844,Song_544,MGM,200.0,200.0,0.0,NONE,2026-04-02T02:19:27.637335,05b586806c92e18a1df0ddc294ecbd84af2b6c03118bb85102445fbe2419eac6
AUD00845,C0845,Song_545,Indie Label,750.0,750.0,0.0,NONE,2026-04-02T02:19:27.637335,a73153128359a824f1a48759e5d36a1bebeaef9607f0ce8a9f60206ed0e2ebd9
AUD00846,C0846,Song_546,Indie Label,750.0,750.0,0.0,NONE,2026-04-02T02:19:27.637335,f6766bd9e31e673e05e7bf19f0385354966404f2fe638504ea9df3580eecc586
AUD00847,C0847,Song_547,Universal,500.0,500.0,0.0,NONE,2026-04-02T02:19:27.637335,d124a4746b3e5c01fc0578b673f6bff5704e2b02b43fddc5c2ff6b1bb1d60187
AUD00848,C0848,Song_548,Universal,200.0,200.0,0.0,NONE,2026-04-02T02:19:27.637335,36943fa19e9bc829012ea5f443f283932484f2a6412d5c5bcfe803bd58a3f89f
AUD00849,C0849,Song_549,Universal,750.0,750.0,0.0,NONE,2026-04-02T02:19:27.637335,c7d239c0b6646434d0eb2b65a4371fd0c6396d2d42da2d2780f249f286e5e60a
AUD00850,C0850,Song_550,A24,500.0,500.0,0.0,NONE,2026-04-02T02:19:27.637335,0d318c5b372d831f2307934ad245a4e4018d622c4dd9efafc5e7501d487fd5bf
AUD00851,C0851,Song_551,Indie Label,500.0,500.0,0.0,NONE,2026-04-02T02:19:27.637335,144edf64641a7892578712392b6993f5b10b6b6278dfb0bf97be135accee32c6
AUD00852,C0852,Song_552,Sony Music,750.0,750.0,0.0,NONE,2026-04-02T02:19:27.637335,642e076422478b4ab04137daa5e603a92f39e5a84b50dcdce7159df5e20e62e0
AUD00853,C0853,Song_553,A24,750.0,25.86,724.14,UNDERPAYMENT,2026-04-02T02:19:27.637335,0ca79e9de5482ff4f32b84a99b41bc7c57418ff1a903d42eeba9033bcea7afd0
AUD00854,C0854,Song_554,Lionsgate,500.0,500.0,0.0,NONE,2026-04-02T02:19:27.637335,1b026f0dd5ab7d12996e0be8d6e1ea84da8409ffb86b93ae3337f41f2a98c4b3
AUD00855,C0855,Song_555,Warner Bros,200.0,236.07,-36.07,OVERPAYMENT,2026-04-02T02:19:27.637335,2a324c7288291d43e19daa9515b65000b2ed9afa0c0df2467e078b8f4bdaab63
AUD00856,C0856,Song_556,Netflix Originals,500.0,500.0,0.0,NONE,2026-04-02T02:19:27.637335,deea125ba6865eab7fd6e00f17db5356720ec1575f41d69f09981bb18597bd64
AUD00857,C0857,Song_557,Disney,200.0,200.0,0.0,NONE,2026-04-02T02:19:27.637335,9a4bc986ffa0a36f9bdbf9ca8eea9efbbc0de12d984d7243419d4ccdc6492ea6
AUD00858,C0858,Song_558,Lionsgate,750.0,750.0,0.0,NONE,2026-04-02T02:19:27.637335,de4f547f573ff43655bcefe2792d540cba251173a0514a2f91a26b6b42be2f06
AUD00859,C0859,Song_559,A24,500.0,500.0,0.0,NONE,2026-04-02T02:19:27.637335,0d717d3416e1e657304c0743b7f74159ff52c7aebc148fbbf4cf7dce8044c2ee
AUD00860,C0860,Song_560,Universal,500.0,540.53,-40.53,OVERPAYMENT,2026-04-02T02:19:27.637335,b11ff3f2f2b332ccc69fe520349fbbeeafc7ca7ded97ea0e451049a152695144
AUD00861,C0861,Song_561,Indie Label,200.0,241.06,-41.06,OVERPAYMENT,2026-04-02T02:19:27.637335,8f2c5eab32e0d26d522aa909344c750e50660dbd617de511bdf330c22f092251
AUD00862,C0862,Song_562,MGM,750.0,750.0,0.0,NONE,2026-04-02T02:19:27.637335,c0c1351250e42ddbfee47aab823c5ffa58770e7cd08be9607b3b5e2d500bf17e
AUD00863,C0863,Song_563,MGM,500.0,500.0,0.0,NONE,2026-04-02T02:19:27.637335,003abd918f31475e54ab6ad9dab5cd64d82959b1d081a3174f0bbdfe928a651e
AUD00864,C0864,Song_564,Paramount,500.0,500.0,0.0,NONE,2026-04-02T02:19:27.637335,4aa1fcd375a1e04d2449e7dae66638e896f2b00de1f845c7f23aecb4ea798ed0
AUD00865,C0865,Song_565,Lionsgate,750.0,750.0,0.0,NONE,2026-04-02T02:19:27.637335,4a59ffd5e67000ea86ee564358ab8de76079de402fb33df03480d6ff19bbd5d7
AUD00866,C0866,Song_566,A24,750.0,750.0,0.0,NONE,2026-04-02T02:19:27.637335,a72c5e1850fa77c39e183045773ad761913e172e5915c9360e7100471c2023c1
AUD00867,C0867,Song_567,Warner Bros,500.0,500.0,0.0,NONE,2026-04-02T02:19:27.637335,a779dfa8aac4f364a0bac6df3335b354492538407c33ba2ae1a6bafbc33ba9e0
AUD00868,C0868,Song_568,Indie Label,750.0,750.0,0.0,NONE,2026-04-02T02:19:27.637335,3ef47d10034309c2eba8219ed313c5222582daad70dc5bb9a1d30fc6dfb5c3cc
AUD00869,C0869,Song_569,Paramount,500.0,287.21,212.79,UNDERPAYMENT,2026-04-02T02:19:27.637335,c8400201e4d837882d392fbf32e06632318487aeca663b1d340e2939e0f8beae
AUD00870,C0870,Song_570,Paramount,500.0,500.0,0.0,NONE,2026-04-02T02:19:27.637335,b07c15f4e2e8b135aaff61bce2b87e4676a1f8d0cefbd3d0e66559176ba96b3a
AUD00871,C0871,Song_571,Warner Bros,750.0,750.0,0.0,NONE,2026-04-02T02:19:27.637335,0eca45e9086e88cdea9be20201b355ed80f803de2ced7605414e8bff5239eeeb
AUD00872,C0872,Song_572,Warner Bros,500.0,500.0,0.0,NONE,2026-04-02T02:19:27.637335,6ae3a724eecd945af8179535868fa03004773af869fd8bbbbf93cdb6aec69ac8
AUD00873,C0873,Song_573,Netflix Originals,500.0,500.0,0.0,NONE,2026-04-02T02:19:27.637335,a302263a8c0bca2d2103c315c39e1b2b3dc947cce214fbe10f06ecadaa1a558c
AUD00874,C0874,Song_574,Universal,750.0,750.0,0.0,NONE,2026-04-02T02:19:27.637335,36a6c1936be5ad1411efb80812ab976cb3301a18e4b164eb75615b11962f4bd2
AUD00875,C0875,Song_575,Netflix Originals,750.0,750.0,0.0,NONE,2026-04-02T02:19:27.637335,2db27a6096954247eebee728e29ff18e9a9e130d6af77a948c5f735dae4ad2b0
AUD00876,C0876,Song_576,Disney,500.0,500.0,0.0,NONE,2026-04-02T02:19:27.637335,1aaa467f320447d159ec175219e0784a96af266283ca64d707f30244b2be4879
AUD00877,C0877,Song_577,Universal,500.0,500.0,0.0,NONE,2026-04-02T02:19:27.637335,df2d56e90d8af1c36b56631d5a9f5588538f26e15629508c40fb05641a89cb35
AUD00878,C0878,Song_578,Netflix Originals,500.0,500.0,0.0,NONE,2026-04-02T02:19:27.637335,c73f26d340fefd4edbb9049b06c1d32fea4d3d820e5d59b264b9c5a1083b2256
AUD00879,C0879,Song_579,Warner Bros,200.0,200.0,0.0,NONE,2026-04-02T02:19:27.637335,51c85d3207aeaf9e20d192fe6f82661a55dfaebf82f6760513f548d8a90d2b38
AUD00880,C0880,Song_580,Netflix Originals,200.0,200.0,0.0,NONE,2026-04-02T02:19:27.637335,4e5030c8218455e4263badac443de502a141c32b30f39c136ea0bdf819777d38
AUD00881,C0881,Song_581,Indie Label,500.0,500.0,0.0,NONE,2026-04-02T02:19:27.637335,8b78a06592e3632248085187ea570ac55820deb4ccfde2ba22b04666f2060478
AUD00882,C0882,Song_582,A24,500.0,500.0,0.0,NONE,2026-04-02T02:19:27.637335,83af8a503ea394ee70d96eaeecf828bd38485135edff9f41c22cb312bfa525f3
AUD00883,C0883,Song_583,A24,500.0,500.0,0.0,NONE,2026-04-02T02:19:27.637335,2ea2abb31b1e4cc1175b8f77a0576e155d8188a98c1a897e043ea82f1ed2232e
AUD00884,C0884,Song_584,Lionsgate,750.0,750.0,0.0,NONE,2026-04-02T02:19:27.637335,eaf38c7104023402044fe4ef4269b4a8d2c3370f62ed443c87d62b2b47890571
AUD00885,C0885,Song_585,Warner Bros,750.0,750.0,0.0,NONE,2026-04-02T02:19:27.637335,aa74ca4aaa3410ab0c59607f1ef6f72cb934cc5b1d39edb6d4f55e407d6dc281
AUD00886,C0886,Song_586,Paramount,200.0,200.0,0.0,NONE,2026-04-02T02:19:27.637335,b17834ca86f6e903ef4bd4077aa04ae247a0dd78dd3fd58fb556ea2dd8f6ffed
AUD00887,C0887,Song_587,Sony Music,500.0,500.0,0.0,NONE,2026-04-02T02:19:27.637335,eb8713ec44cbcb65c6f9fed3b163642703fdab39231dfa29d1577869bfa40ece
AUD00888,C0888,Song_588,Paramount,500.0,500.0,0.0,NONE,2026-04-02T02:19:27.637335,414b017715e8334837df55082a6b22d056a9f23f310e9968f3bd5b10639cc041
AUD00889,C0889,Song_589,Indie Label,200.0,200.0,0.0,NONE,2026-04-02T02:19:27.637335,73a31ed8ec764520441ea5093c672fb5cfa1acd09d07dcb16144602b03c3b3e7
AUD00890,C0890,Song_590,Disney,200.0,200.0,0.0,NONE,2026-04-02T02:19:27.637335,52b96ff84240f3800a5e41d29dd28f9adeec46e99adf8f20f46f4015aaf5e489
AUD00891,C0891,Song_591,Netflix Originals,200.0,200.0,0.0,NONE,2026-04-02T02:19:27.637335,f803a6d90479da17ce3ed9b13649637d15b2c06473be51b43a9d660ac487e421
AUD00892,C0892,Song_592,A24,200.0,200.0,0.0,NONE,2026-04-02T02:19:27.637335,f0d68bb0f9f00bac23b632bca0298213ff381cabe49a10778805adb16d8e82eb
AUD00893,C0893,Song_593,Indie Label,200.0,-109.2,309.2,TERRITORY_VIOLATION,2026-04-02T02:19:27.637335,f8cae0921c7c6c9583a4bd2190d264a90b421d1b13bbb5e01a2b047195858f08
AUD00894,C0894,Song_594,Sony Music,200.0,-5.5,205.5,UNDERPAYMENT,2026-04-02T02:19:27.637335,3d37e917e6557941dde75de17ad3cfb190902e5461ffadabe9b224361daac778
AUD00895,C0895,Song_595,A24,200.0,200.0,0.0,NONE,2026-04-02T02:19:27.637335,de85441dfdcb2773769672d7745fdb88555962929047e65a856a5f53e376b8fa
AUD00896,C0896,Song_596,Indie Label,200.0,200.0,0.0,NONE,2026-04-02T02:19:27.637335,ae61d3066308bed49c22e53c07179e34e1d8b0b5afd8eb5e767e06932317c07f
AUD00897,C0897,Song_597,A24,750.0,750.0,0.0,NONE,2026-04-02T02:19:27.637335,99055847714d5e1cb54df892dc52ab62ad08c093d0ebe5d296f224100376cb3d
AUD00898,C0898,Song_598,Indie Label,750.0,750.0,0.0,NONE,2026-04-02T02:19:27.637335,f857928050ee268b805f2a3a4e12f25a855c71d61659558834fef1a9982bd65d
AUD00899,C0899,Song_599,Lionsgate,500.0,500.0,0.0,NONE,2026-04-02T02:19:27.637335,5399f38565824ef8215e93307da0b9a87e48ced22eaae573c82703b27eabeed0
AUD00900,C0900,Song_600,Paramount,200.0,200.0,0.0,NONE,2026-04-02T02:19:27.637335,40bc67843e7a28a3c568de2607764bc2e76a3a0129d189a176b025de47fb17d3
AUD00901,C0901,Song_601,Paramount,750.0,750.0,0.0,NONE,2026-04-02T02:19:27.637335,8b35ba8476f64efa84d7cd1bb743469ec756d6df7d9c5a9b93755dc250e81daa
AUD00902,C0902,Song_602,Sony Music,750.0,750.0,0.0,NONE,2026-04-02T02:19:27.637335,5c3bfdc25d3cd3fd34dd0686628de89ef63d5384717bd248f1815b0b9e1cafc0
AUD00903,C0903,Song_603,Sony Music,200.0,200.0,0.0,NONE,2026-04-02T02:19:27.637335,8ab4ec0678e235225f9dedeaf1ac13116d17b3354e47fc788fdcc2290cb8425d
AUD00904,C0904,Song_604,A24,750.0,106.49,643.51,UNDERPAYMENT,2026-04-02T02:19:27.637335,38ee0bc55847f0c7c6ada724e680eca361d989aafb3fb4182c978c2493c388ce
AUD00905,C0905,Song_605,Sony Music,200.0,200.0,0.0,NONE,2026-04-02T02:19:27.637335,bb0fd1e67b94022db3db6c7a22128c2e7a917caef83d0d0bb16c237077f72e3a
AUD00906,C0906,Song_606,Paramount,750.0,750.0,0.0,NONE,2026-04-02T02:19:27.637335,1a5acd6b406d44a9ae5b7000919ea3d27f75e74575a71ee822e720a2b5691738
AUD00907,C0907,Song_607,Indie Label,500.0,500.0,0.0,NONE,2026-04-02T02:19:27.637335,c0582bd187f3b3f8093f21e9c55c5e9318899e61ca9a390bc625d9be6beb2ed2
AUD00908,C0908,Song_608,Universal,200.0,200.0,0.0,NONE,2026-04-02T02:19:27.637335,506e1eda4601d9b3768c48d87b1df548e699b212a0b2329860a9d6c304ef5a81
AUD00909,C0909,Song_609,A24,750.0,750.0,0.0,NONE,2026-04-02T02:19:27.637335,6d245dcf6caa1756cc9d537a90f8c8945728f5afbe3db75d68922ac3ec9bc2f5
AUD00910,C0910,Song_610,A24,750.0,750.0,0.0,NONE,2026-04-02T02:19:27.637335,5105757206625696767bdfc8fa7bb6f175a54a213a357bda311c19201a1c8a27
AUD00911,C0911,Song_611,Paramount,750.0,750.0,0.0,NONE,2026-04-02T02:19:27.637335,05fd69d3710f6a5b110c78dac3a512ae08b09235171287859eaef8bf02a0b7f9
AUD00912,C0912,Song_612,Disney,200.0,200.0,0.0,NONE,2026-04-02T02:19:27.637335,a36fd9d4936fcd467213342e36c54abebe5f3c962fa94bdc25f13d3d97d63be6
AUD00913,C0913,Song_613,Sony Music,500.0,500.0,0.0,NONE,2026-04-02T02:19:27.637335,53ba9922a7b163719a17e4ccce9e3973c4286028b58d32138ed9333df69b3fab
AUD00914,C0914,Song_614,Netflix Originals,500.0,500.0,0.0,NONE,2026-04-02T02:19:27.637335,45c913f50c65713cd96cedfbdc96e23264e07398d12c2a927fddd200a0caf5c7
AUD00915,C0915,Song_615,Indie Label,200.0,200.0,0.0,NONE,2026-04-02T02:19:27.637335,008777e108636539057eb8fef313c5d68089974162ebb5576dd43a02c258fcd7
AUD00916,C0916,Song_616,A24,750.0,750.0,0.0,NONE,2026-04-02T02:19:27.637335,06881fdc5b661b9212cba01bb149e75498485ace5b1b761008dde0b5cf10c7f5
AUD00917,C0917,Song_617,Universal,200.0,200.0,0.0,NONE,2026-04-02T02:19:27.637335,3d3c0d2db191bc681d0d561201a72fc887a9e0e23d13699609a0149341c97726
AUD00918,C0918,Song_618,Paramount,500.0,500.0,0.0,NONE,2026-04-02T02:19:27.637335,f15bca754027ab2c6061dde286b3a37c87fc88f9870b4af8f3a3e257fae7c2f5
AUD00919,C0919,Song_619,Lionsgate,500.0,500.0,0.0,NONE,2026-04-02T02:19:27.637335,69fa3a5f2bdf1907364e6eaae1d43986ad68691d284857c83108a71ec14fd97c
AUD00920,C0920,Song_620,Lionsgate,750.0,750.0,0.0,NONE,2026-04-02T02:19:27.637335,bb1e8f6dd66ad6ad6be5aa6ce8990faf58ad33c9b17e42e75d827b7a9fd0d3ed
AUD00921,C0921,Song_621,Indie Label,500.0,500.0,0.0,NONE,2026-04-02T02:19:27.637335,927387eb7a3911440637eab1f16718cc13c88a5da6465fa2a91073ac4d6a94e5
AUD00922,C0922,Song_622,Sony Music,750.0,750.0,0.0,NONE,2026-04-02T02:19:27.637335,a7c2c7517a876af727c1e27eda21b45eb92a8b55e58e65cbf4ef56797d04e913
AUD00923,C0923,Song_623,Indie Label,750.0,750.0,0.0,NONE,2026-04-02T02:19:27.637335,8e3f951d47018d7f997952c3133ae60908bfdde787ac84695dd606617a970823
AUD00924,C0924,Song_624,MGM,750.0,750.0,0.0,NONE,2026-04-02T02:19:27.637335,8bf8c10b8499922cc655bf04417574ac6fc522587384cfa2750871661c46ec34
AUD00925,C0925,Song_625,Indie Label,200.0,4.3,195.7,UNDERPAYMENT,2026-04-02T02:19:27.637335,d03f7f7af4c67511c421ec57c06f3d0db6c341098ea5c7bcade79785522a4b41
AUD00926,C0926,Song_626,Disney,500.0,500.0,0.0,NONE,2026-04-02T02:19:27.637335,f27a8034225be3744588c2bade099c4e20b845a507c914567ba80e6f41d23039
AUD00927,C0927,Song_627,Lionsgate,500.0,500.0,0.0,NONE,2026-04-02T02:19:27.637335,6dff4a3654ccba4ad2aed5e0ced51e3d827f563c23ed7447bfd412378c77a8ca
AUD00928,C0928,Song_628,Sony Music,500.0,500.0,0.0,NONE,2026-04-02T02:19:27.637335,b2270e57f7a9e1d5b3fd59d7ab701999fac9eda45b35d00129da73ce0fa69944
AUD00929,C0929,Song_629,MGM,200.0,200.0,0.0,NONE,2026-04-02T02:19:27.637335,05feba280d655844e1f4e781986bbe24847a625d058acaddbf9f770e9e00d1e3
AUD00930,C0930,Song_630,Indie Label,750.0,750.0,0.0,NONE,2026-04-02T02:19:27.637335,bc2567512b2c0fb7dbffda5e8690dc53412bb3ee0744f7bd7bc21d108214c1ba
AUD00931,C0931,Song_631,Lionsgate,750.0,750.0,0.0,NONE,2026-04-02T02:19:27.637335,8326f904ddbded59f20ee4279131cf5533277b61ed5519c61cba44f3da42077e
AUD00932,C0932,Song_632,Indie Label,200.0,200.0,0.0,NONE,2026-04-02T02:19:27.637335,49439133eeeab367a25f464c361a9bb2f71136b61e1b7a6b5c28813f7e8efbf0
AUD00933,C0933,Song_633,MGM,500.0,500.0,0.0,NONE,2026-04-02T02:19:27.637335,435dade290906a4286c38a9d13a5583889a74064ecdf03bd3ead56c3e2956ae8
AUD00934,C0934,Song_634,A24,750.0,750.0,0.0,NONE,2026-04-02T02:19:27.637335,906d249f9219edba64765679724882b15cb94996fb35b0852bf54498e164fe4e
AUD00935,C0935,Song_635,A24,750.0,750.0,0.0,NONE,2026-04-02T02:19:27.637335,a732258a6cfbd515685bd875214bd11a6d88471d22b8c186f021e162928be02f
AUD00936,C0936,Song_636,Netflix Originals,750.0,750.0,0.0,NONE,2026-04-02T02:19:27.637335,4ea90c6426870003e466ce9483810fbff3980587d88ae4fb5e58f65985877cd1
AUD00937,C0937,Song_637,Disney,200.0,200.0,0.0,NONE,2026-04-02T02:19:27.637335,0629d9aef2c98801dc691eaca0b60fb138ffd492c64c483c860cceb622beea48
AUD00938,C0938,Song_638,Warner Bros,500.0,500.0,0.0,NONE,2026-04-02T02:19:27.637335,f3c687d66bd70cef2af5eaccb5d1c088971b835ce51366255c9b3dbbdff11b96
AUD00939,C0939,Song_639,Lionsgate,500.0,500.0,0.0,NONE,2026-04-02T02:19:27.637335,9efb36260b4de61c9a3b384d53dac7e746094559742fc302f076c2b7950fc6c0
AUD00940,C0940,Song_640,Paramount,200.0,200.0,0.0,NONE,2026-04-02T02:19:27.637335,5de11b45f509b7290d1c6c342adfd89ced19a1ced64b17ea06501d336bf542b9
AUD00941,C0941,Song_641,Lionsgate,750.0,750.0,0.0,NONE,2026-04-02T02:19:27.637335,53a0c1a22063277bc462a945ce5b863272a8f003a00ed96228202b590317d408
AUD00942,C0942,Song_642,Universal,200.0,200.0,0.0,NONE,2026-04-02T02:19:27.637335,5cc3b31488224762f2475f8eb6cbf75db6c88798f159d31fdbf60099f4f9e8df
AUD00943,C0943,Song_643,Universal,200.0,200.0,0.0,NONE,2026-04-02T02:19:27.637335,86d891e770fdf34fa0ab3b1c6e3b54dc0e75e67d3ecb84fbcd1a19741f1aa322
AUD00944,C0944,Song_644,Universal,500.0,500.0,0.0,NONE,2026-04-02T02:19:27.637335,9edb8c2940e14c9e10577f1df17ea3a314aa1e2688421fd0c45ac1bb2cf8b2f9
AUD00945,C0945,Song_645,Indie Label,200.0,200.0,0.0,NONE,2026-04-02T02:19:27.637335,29dce48cf81da2d160976c1bb6871aaf52b5436b58c79ba383b23b1a26ec82a8
AUD00946,C0946,Song_646,Paramount,500.0,500.0,0.0,NONE,2026-04-02T02:19:27.637335,797182f906d488f805c512f5f30a24ff8677817581c6f101138e9351f2e37aba
AUD00947,C0947,Song_647,Indie Label,500.0,500.0,0.0,NONE,2026-04-02T02:19:27.637335,d1d01495f4c4da8adccc88eae2af51587dd964f7edcbd9efb1a55f5615085a9e
AUD00948,C0948,Song_648,Netflix Originals,200.0,108.62,91.38,UNDERPAYMENT,2026-04-02T02:19:27.637335,e2794e96f51d065b31dbc17d77c8190b0cfe13efa4a60491c36f67e6075ff26b
AUD00949,C0949,Song_649,Netflix Originals,500.0,500.0,0.0,NONE,2026-04-02T02:19:27.637335,30846275305474ce29f8fe77963a69c0885bcbc13bfc0aec1aabbe7a5c042c6c
AUD00950,C0950,Song_650,MGM,750.0,750.0,0.0,NONE,2026-04-02T02:19:27.637335,aa3e049f8f0d1965d43208b7882791e039a33a2aac43d8cd3828d875534f5e26
AUD00951,C0951,Song_651,Lionsgate,750.0,750.0,0.0,NONE,2026-04-02T02:19:27.637335,2924c92726865f9cf54af5bcc4c09699435b182eb86baa2cfbf4beb3fcae84ea
AUD00952,C0952,Song_652,MGM,500.0,500.0,0.0,NONE,2026-04-02T02:19:27.637335,5af5af6dccd290d7f0c93644df888274e411087dfc1497db208b01d766210baa
AUD00953,C0953,Song_653,MGM,500.0,500.0,0.0,NONE,2026-04-02T02:19:27.637335,618d06217dc15ac5415ad71f8f15a7a62402abff8e5f807f6633d58ee4ec3871
AUD00954,C0954,Song_654,Universal,500.0,500.0,0.0,NONE,2026-04-02T02:19:27.637335,ae894b8371c1ecb9723abeea42969dce1a19c57be5a1a4805c0f3e565e3119a0
AUD00955,C0955,Song_655,Universal,750.0,750.0,0.0,NONE,2026-04-02T02:19:27.637335,332e0c3f8bcb4eca675fead6d05243ae64e8feed583bda27589e2f34d210be16
AUD00956,C0956,Song_656,Lionsgate,500.0,-1322.47,1822.47,EXPIRED_LICENSE,2026-04-02T02:19:27.637335,d8e156f68b9d72ffc39ddecef77d2264210d3687e03200600686d12b705e7e3e
AUD00957,C0957,Song_657,Netflix Originals,500.0,500.0,0.0,NONE,2026-04-02T02:19:27.637335,ef526b3b67353cb18ad123261c383f8aea53c92527b483600758ba3642c276eb
AUD00958,C0958,Song_658,Warner Bros,750.0,750.0,0.0,NONE,2026-04-02T02:19:27.637335,78c539b67a745edf048d9fbe19b0de8714d3e3153ca45ed579129b42ac5a6afc
AUD00959,C0959,Song_659,Paramount,750.0,750.0,0.0,NONE,2026-04-02T02:19:27.637335,7ed43b598f1b64ebd2a0cb3a349d4f0af8e913f46f37099d0ad83028b31991e9
AUD00960,C0960,Song_660,Netflix Originals,500.0,500.0,0.0,NONE,2026-04-02T02:19:27.637335,5afa1dc9aa1d5aa0ae3c8c1c0d283ba1622ac0648e1b8cce69a2bf66da360adc
AUD00961,C0961,Song_661,Universal,200.0,200.0,0.0,NONE,2026-04-02T02:19:27.637335,684c7d430a5180902ecf305729cd46be84826334700feb123b8d103b5a72b7bc
AUD00962,C0962,Song_662,Indie Label,500.0,500.0,0.0,NONE,2026-04-02T02:19:27.637335,2db27526733ad676f2611f0dc642393104cd4c028648ae9842e4d8fe6dbdb6d5
AUD00963,C0963,Song_663,A24,200.0,200.0,0.0,NONE,2026-04-02T02:19:27.637335,9d8ed5c800f4aaea3511a572169daaafdcb5e24fc3c5a4ef470447dcb8d44b69
AUD00964,C0964,Song_664,Lionsgate,750.0,750.0,0.0,NONE,2026-04-02T02:19:27.637335,ee0a1dd222d74b561d3bf98010fa7e991344265149bcdb8281bc088cf50a758e
AUD00965,C0965,Song_665,Lionsgate,750.0,750.0,0.0,NONE,2026-04-02T02:19:27.637335,a50914882d4346327c77ab9762ebad19395abebdc7adb686d474ba6daba7f2ee
AUD00966,C0966,Song_666,Warner Bros,500.0,500.0,0.0,NONE,2026-04-02T02:19:27.637335,c1c4cdfd3402e589e1b3bdf42855f903bceb5df9459589c9a43cebdfefea224e
AUD00967,C0967,Song_667,Sony Music,500.0,106.6,393.4,UNDERPAYMENT,2026-04-02T02:19:27.637335,f628409f3426810694cb1902dd35e8f496d82d5c60c280e01275fd8812279c68
AUD00968,C0968,Song_668,A24,500.0,-258.37,758.37,TERRITORY_VIOLATION,2026-04-02T02:19:27.637335,6f6da2e8218b81c11e1fc23fe8529c1518abd96cbf952846af90672108af0fb9
AUD00969,C0969,Song_669,A24,500.0,500.0,0.0,NONE,2026-04-02T02:19:27.637335,50b941124abdaa2543f86d559cb0618a2004b092cd5a47e80a4dc035e9b5a8c4
AUD00970,C0970,Song_670,A24,500.0,500.0,0.0,NONE,2026-04-02T02:19:27.637335,af01c8d710b2d50ddc15c76385ce6ce34d53ea484ec28933addabb0dfeb2dc7b
AUD00971,C0971,Song_671,Indie Label,500.0,500.0,0.0,NONE,2026-04-02T02:19:27.637335,0340b160d5cef2d7771fba31e43399d3b138cbe0b62c9d4c3d2fcd8a5b8460fc
AUD00972,C0972,Song_672,Sony Music,750.0,750.0,0.0,NONE,2026-04-02T02:19:27.637335,c2a9b5ebd4b64da7908bdc6bb1d4a648a8438e6d398de64ea1d0e664a38b6e5c
AUD00973,C0973,Song_673,Lionsgate,750.0,750.0,0.0,NONE,2026-04-02T02:19:27.637335,d27adeda16c0a1b2181a45056293c14f9dbb7b4d5ba103d8c72b78575e5b08d1
AUD00974,C0974,Song_674,Warner Bros,200.0,200.0,0.0,NONE,2026-04-02T02:19:27.637335,113288bac36e7bf091f45d0afc3b9f0ed61443873359001cfa7fe8f7e616269c
AUD00975,C0975,Song_675,MGM,750.0,750.0,0.0,NONE,2026-04-02T02:19:27.637335,5fed25c8c37442c66506697e13a3db46552d8d35d45b99c76d25474314092658
AUD00976,C0976,Song_676,Netflix Originals,200.0,200.0,0.0,NONE,2026-04-02T02:19:27.637335,8347f821519e6d2ccfe72bb92bf29b64e2ba5e681e1f4e77962c6439a59eeb7c
AUD00977,C0977,Song_677,Universal,200.0,200.0,0.0,NONE,2026-04-02T02:19:27.637335,da8a1358df4797a51676466e79d9a916e72e1da512f4fe8e8d09448bca634d08
AUD00978,C0978,Song_678,Sony Music,200.0,200.0,0.0,NONE,2026-04-02T02:19:27.637335,fb8d7d7c77b06d3acdc1c92f404c8f0bf8515501fe2461ccba804ed99b74a77e
AUD00979,C0979,Song_679,Sony Music,500.0,500.0,0.0,NONE,2026-04-02T02:19:27.637335,cd18387dad6f87380d2ddb84f00c3c879fe1f69d592dbe334d86fc2807b048d6
AUD00980,C0980,Song_680,MGM,750.0,750.0,0.0,NONE,2026-04-02T02:19:27.637335,2e1036078d2245bf42e9816e49c31b9cd81dd23881faef600287bc01f34f70ec
AUD00981,C0981,Song_681,Indie Label,500.0,500.0,0.0,NONE,2026-04-02T02:19:27.637335,213ae22ac1886443379ea74233a5cba72d654db346e3500855ebfa1c633dbd73
AUD00982,C0982,Song_682,Universal,750.0,750.0,0.0,NONE,2026-04-02T02:19:27.637335,8b50190112a73787d5600ea4947990ec73385110f9b609a30442777a133db26f
AUD00983,C0983,Song_683,Lionsgate,500.0,500.0,0.0,NONE,2026-04-02T02:19:27.637335,befe5029778e5ce1445cc6218a51ec1b19dd1e8da0fc8fbcf8e62561e10d2c03
AUD00984,C0984,Song_684,Lionsgate,500.0,500.0,0.0,NONE,2026-04-02T02:19:27.637335,2a97c33cdbdd12df8c563055b09ba818d8099ffd742d30bd368ed080d540c903
AUD00985,C0985,Song_685,Warner Bros,500.0,612.18,-112.18,OVERPAYMENT,2026-04-02T02:19:27.637335,8324c518eb9093536022e5cac7205b7ad7b3c752abccb30835d35f092424805b
AUD00986,C0986,Song_686,Disney,500.0,500.0,0.0,NONE,2026-04-02T02:19:27.637335,2b19c9209b45a1a4ca7db62e13508cace76600fd1619997b26438b3cfbfa59a7
AUD00987,C0987,Song_687,Indie Label,750.0,750.0,0.0,NONE,2026-04-02T02:19:27.637335,3d77ee5c634f867d886485fee65b45a0e463d3991d3742feecac2a2687d4078c
AUD00988,C0988,Song_688,Netflix Originals,750.0,839.26,-89.26,OVERPAYMENT,2026-04-02T02:19:27.637335,f16e399bf1915ab3366e60caaf625a9f6b083cc88463abfa61d1673d6da5794c
AUD00989,C0989,Song_689,Netflix Originals,750.0,750.0,0.0,NONE,2026-04-02T02:19:27.637335,bf1eb0ac99dc264befccc99ccd8dcf09959fc9c2a1c43270d0b9777a17855869
AUD00990,C0990,Song_690,A24,750.0,750.0,0.0,NONE,2026-04-02T02:19:27.637335,3b3177257b877142bd116375f46cf9072b77eb3fb375702dfeed76328d0c405d
AUD00991,C0991,Song_691,Universal,500.0,500.0,0.0,NONE,2026-04-02T02:19:27.637335,bda043180d3d473b4c5985b2d259191e6221cea6f913a0e05e7a21e8039b9a97
AUD00992,C0992,Song_692,MGM,750.0,750.0,0.0,NONE,2026-04-02T02:19:27.637335,4adb38b61e465d84b4da9c73fc14909b0c8efa8c673d6e7e328e7b23a153cd1d
AUD00993,C0993,Song_693,Warner Bros,500.0,500.0,0.0,NONE,2026-04-02T02:19:27.637335,69dae4ff0b3024b5adda18df48a503e8e8e26d581495453c2e3669724ccb9a21
AUD00994,C0994,Song_694,Paramount,200.0,200.0,0.0,NONE,2026-04-02T02:19:27.637335,b9db8bc2a1e52d0b32883e95c4b9fbc99665bd0c872b214aaa36c83ca6b9bb98
AUD00995,C0995,Song_695,MGM,750.0,750.0,0.0,NONE,2026-04-02T02:19:27.637335,e055ba3ef0a531ddc4dc279f3f102d6c923959e6a37caf260740a51238fc746a
AUD00996,C0996,Song_696,Lionsgate,750.0,750.0,0.0,NONE,2026-04-02T02:19:27.637335,fe35651916e152f842385d2173a1f4fb91bef9e851806f8894e89b5bd490fc91
AUD00997,C0997,Song_697,Universal,200.0,200.0,0.0,NONE,2026-04-02T02:19:27.637335,bdf7433384e16f7ccbc17ba2eba0aec0b12b2751349881443b65c070bfeaf24a
AUD00998,C0998,Song_698,Lionsgate,750.0,750.0,0.0,NONE,2026-04-02T02:19:27.637335,1766c5239117cf446ddbacd1c7f0e6a7418da06d0eb62cb00beda134e65d1cf2
AUD00999,C0999,Song_699,Warner Bros,500.0,-352.48,852.48,TERRITORY_VIOLATION,2026-04-02T02:19:27.637335,6a821ca0e533aee33adc4135921335420d37ebeb5a88b2e325580dddc42c962c
AUD01000,C1000,Song_700,A24,750.0,750.0,0.0,NONE,2026-04-02T02:19:27.637335,a797a90de3ab7946176c1b4a83a0ae3b0c3d9cd8ef2265b59d553de51319b220
